Key	EN	RU	DE	FR	IT	PT	ES	JA	ID	MS	AR
title	A Fun Walk	Замечательное путешествие	Ein lustiger Spaziergang	Une promenade amusante	Una passeggiata divertente	Um passeio divertido 	Un paseo divertido	ゆかいなお散歩	Perjalanan Seru	Seronoknya\nBersiar-siar	نزهةٌ ممتعةٌ
author	Lisa Debruyne	Лиза Дебрайне	Lisa Debruyne	Lisa Debruyne	Lisa Debruyne	Lisa Debruyne	Lisa Debruyne	Lisa Debruyne	Lisa Debruyne	Lisa Debruyne	ليزا ديبرين
illustrator	Maia Batumashvili	Майя Батумашвили	Maia Batumashvili	Maia Batumashvili	Maia Batumashvili	Maia Batumashvili	Maia Batumashvili	Maia Batumashvili	Maia Batumashvili	Maia Batumashvili	مايا باتومشفيلي
composer	Artem Akmulin	Артём Акмулин	Artem Akmulin	Artem Akmulin	Artem Akmulin	Artem Akmulin	Artem Akmulin	Artem Akmulin	Artem Akmulin	Artem Akmulin	أرتم أكملين
boy.description	One day, a curious wombat goes for a walk. Along the way,\nthey meet strange animals with important life lessons.\nFind out what each animal teaches the wombat in this wild\nand wacky adventure!	Однажды любопытный вомбат вышел на прогулку.\nПо пути ему встретились незнакомые звери, которые\nпреподали ему большие жизненные уроки. Давайте\nпосмотрим, чему же они научили вомбата.	Eines Tages geht ein neugieriger Wombat spazieren.\nAuf dem Weg trifft er merkwürdige Tiere,\ndie Lebensweisheiten erzählen. Finde in diesem verrückten\nAbenteuer heraus, was jedes Tier dem Wombat beibringt.	Lors d'une promenade, un wombat curieux rencontre\nd'étranges animaux qui lui donnent d'importantes leçons\nde vie. Découvrez ce que chaque animal lui apprend dans\ncette aventure sauvage et farfelue !	Un wombat curioso va a fare una passeggiata e incontra\nstrani animali che gli danno importanti lezioni di vita.\nScopri quello che impara il piccolo wombat in questa\navventura selvaggia e divertente!	Certo dia, um vombate curioso sai para um passeio. No\ncaminho, ele encontra estranhos animais com importantes\nlições de vida. Descubra o que cada animal ensina ao\nvombate nessa aventura selvagem e maluca!	Cierto día, un uómbat curioso salió de paseo. En su camino\nencuentra extraños animales, y con ellos valiosas lecciones\nde vida. ¡Averigua qué le enseña cada animal al uómbat\nen esta aventura salvaje y estrafalaria!	ある日、知りたがり屋のウォンバットは散歩に出かけ、変わった動物達に出会い、様々なことを学びます。動物達が何を教えてくれるか、この不思議な冒険から見つけよう！	Suatu hari, seekor wombat yang serba ingin tahu berjalan-jalan. Di jalan dia bertemu hewan-hewan aneh dengan pelajaran hidup penting. Cari tahu apa yang mereka ajarkan ke si wombat di petualangan seru ini!	Suatu hari, wombat yang ingin tahu pergi bersiar-siar. Di jalanan, dia bertemu haiwan ganjil yang mengajar hal penting dalam hidup. Ketahui apa yang dipelajari wombat ini dalam kembara yang liar dan aneh! 	في يومٍ من الأيام، قرر الومبت الفضولي الذهاب في نزهة في الغابة. صادف في طريقه حيواناتٍ غريبةٍ وتعلّم دروسًا مهمةً. دعونا لنكتشف معًا ما علَّمه كل حيوان للومبت في هذه المغامرة المثيرة!
boy.description.iphone	One day, a curious wombat goes for a walk. Along the way, they meet\nstrange animals with important life lessons. Find out what each animal\nteaches the wombat in this wild and wacky adventure!	Однажды любопытный вомбат вышел на прогулку. По пути ему\nвстретились незнакомые звери, которые преподали ему большие\nжизненные уроки. Давайте посмотрим, чему же они научили вомбата.	Eines Tages geht ein neugieriger Wombat spazieren. Auf dem Weg trifft\ner merkwürdige Tiere, die Lebensweisheiten erzählen. Finde in diesem\nverrückten Abenteuer heraus, was jedes Tier dem Wombat beibringt.	Lors d'une promenade, un wombat curieux rencontre d'étranges animaux\nqui lui donnent d'importantes leçons de vie. Découvrez ce que chaque\nanimal lui apprend dans cette aventure sauvage et farfelue !	Un wombat curioso va a fare una passeggiata e incontra strani animali\nche gli danno importanti lezioni di vita. Scopri quello che impara\nil piccolo wombat in questa avventura selvaggia e divertente!	Certo dia, um vombate curioso sai para um passeio. No caminho, ele\nencontra estranhos animais com importantes lições de vida. Descubra o\nque cada animal ensina ao vombate nessa aventura selvagem e maluca!	Cierto día, un uómbat curioso salió de paseo. En su camino encuentra\nextraños animales, y con ellos valiosas lecciones de vida. ¡Averigua qué\nle enseña cada animal al uómbat en esta aventura salvaje y estrafalaria!	ある日、知りたがり屋のウォンバットは散歩に出かけ、変わった動物達に出会い、様々なことを学びます。動物達が何を教えてくれるか、この不思議な冒険から見つけよう！	Suatu hari, seekor wombat yang serba ingin tahu berjalan-jalan. Di jalan dia bertemu hewan-hewan aneh dengan pelajaran hidup penting. Cari tahu apa yang mereka ajarkan ke si wombat di petualangan seru ini!	Suatu hari, wombat yang ingin tahu pergi bersiar-siar. Di jalanan, dia bertemu haiwan ganjil yang mengajar hal penting dalam hidup. Ketahui apa yang dipelajari wombat ini dalam kembara yang liar dan aneh! 	في يومٍ من الأيام، قرر الومبت الفضولي الذهاب في نزهة في الغابة. صادف في طريقه حيواناتٍ غريبةٍ وتعلّم دروسًا مهمةً. دعونا لنكتشف معًا ما علَّمه كل حيوان للومبت في هذه المغامرة المثيرة!
boy.page.1	Somewhere in a dry, beautiful country,\na fluffy wombat snores in the shade of a tree with his family.	Где-то в жаркой, красивой стране, в тени деревьев\nлежит пушистый вомбат вместе со своей семьёй.	Irgendwo in einem trockenen, aber schönen Land schnarcht\nein kuscheliger Wombat mit seiner Familie im Schatten eines Baumes.	Quelque part dans un beau pays sec,\nun wombat ronfle à l'ombre d'un arbre avec sa famille.	In un angolo di un paese bello e arido,\nun morbido wombat ronfa sotto un albero con la sua famiglia.	Em algum lugar de um país belo e quente,\num vombate fofinho ronca à sombra de uma árvore com a sua família.	En algún lugar de un hermoso y árido país,\nun peludo uómbat ronca a la sombra de un árbol junto a su familia.	ある⁠かわい⁠た​美しい​国⁠で、​フワフワ⁠の​ウォン​バット\n家族⁠が、​木かげ⁠で​お⁠昼寝⁠を​し⁠て​い⁠まし⁠た。	Alkisah, di suatu negeri yang kering dan indah, seekor wombat berbulu\ntebal sedang mendengkur di bawah pohon teduh bersama keluarganya.	Di suatu tempat di dalam sebuah negara yang kering tetapi indah,\nseekor wombat yang gebu berdengkur di bawah teduhan pohon bersama keluarganya.	في مكانٍ ما في بلدٍ قاحلٍ وجميلٍ، كان ومبت لطيف نائم في ظلّ شجرة مع عائلته.
boy.page.2	His name is {NAME:P1}. He's young and curious.	Его зовут {NAME:P1}. Он молод и любопытен.	Sein Name ist {NAME:P1}. Er ist sehr jung und auch sehr neugierig.	Il s'appelle {NAME:P1}. Il est jeune et curieux.	È giovane e curioso, e si chiama {NAME:P1}.	O nome dele é {NAME:P1}. Ele é jovem e curioso.	Su nombre es {NAME:P1}. Es joven y curioso.	彼⁠の​名前⁠は​{NAME:P1}​です。​{NAME:P1}​は​若く⁠て、\n色々⁠な​こと⁠に​興味津々⁠です。	Namanya {NAME:P1}. Dia masih muda dan serba ingin tahu.	Namanya {NAME:P1}. Dia masih kecil dan berasa ingin tahu.	كان اسمه {NAME:P1}. وكان يافعًا وفضوليًا.
boy.page.3	“The weather is nice today,” the wombat says.\n{NAME:P1} asks his mom and dad if he can go for a walk.	«Погода сегодня прекрасная», ‒ говорит {NAME:P1}.\nОн просит разрешения у родителей пойти погулять.	„Das Wetter heute ist so gut“, sagt der Wombat. {NAME:P1} fragt\nseine Mama und seinen Papa, ob er spazieren gehen darf.	« Il fait beau aujourd'hui, » dit-il. {NAME:P1} demande\nà sa mère et à son père s'il peut aller faire une promenade.	«È una bella giornata», dice {NAME:P1},\ne poi chiede a mamma e papà il permesso di fare una passeggiata.	“O tempo está ótimo hoje”, diz o vombate. Então {NAME:P1}\npergunta aos seus pais se ele pode sair para um passeio.	“Qué buen tiempo hace hoy”, comenta el uómbat.\n{NAME:P1} pide permiso a su madre para dar un paseo.	「今日⁠は⁠なんて​いい​天気⁠な​ん⁠だ」​{NAME:P1}​は​言い⁠まし⁠た。​{NAME:P1}​は\nお母さん⁠と​お父さん⁠に​散歩⁠に​行っ⁠て​いい⁠か​聞き⁠まし⁠た。	“Hari ini cuacanya bagus,” ujar si wombat.\n{NAME:P1} lalu bertanya pada ibu dan ayahnya apakah dia boleh berjalan-jalan.	“Cuaca hari ini baik,” kata wombat itu.\n{NAME:P1} bertanya ibu dan ayah jika dia boleh pergi bersiar-siar.	قال الومبت: ”الطّقسُ جميلٌ اليوم“.\nثم استأذن {NAME:P1} أمّه وأباه للسّماحِ له بالذّهاب في نزهة.
boy.page.4	“Only if you don't go too far,” his parents say in unison.	«Главное, не уходи слишком далеко», ‒ наказывают ему родители.	„Aber nur, wenn du nicht zu weit gehst“, sagen seine Eltern einstimmig.	« D’accord, mais ne t’éloigne pas trop, » répondent ses parents en chœur.	«Ma non andare troppo lontano», dicono in coro i suoi genitori.	“Só se você não for muito longe”, seus pais respondem ao mesmo tempo.	“Sólo si no te alejas mucho”, le responden sus padres al unísono.	「遠く⁠まで​行か⁠ない​の⁠なら、​行っ⁠て​おい⁠で」\nお母さん⁠と​お父さん⁠は​声⁠を​そろえ⁠て​言い⁠まし⁠た。	“Boleh, asal jangan terlalu jauh,” kedua orang tuanya serentak menjawab.	“Hanya jika kamu tidak pergi terlalu jauh,” kata ibu bapanya serentak.	أجاب والداه معًا: ”يمكنك الذّهابُ، لكن لا تبتعد كثيرًا“.
boy.page.5	The wombat is happy and starts skipping.	Вомбат счастлив. Он отправляется в путешествие.	Der Wombat ist glücklich und macht sich hüpfend auf den Weg.	Le wombat est heureux et part en sautillant.	Il wombat è felice e se ne va saltellando.	O vombate fica feliz e começa a pular.	El uómbat da brincos de alegría.	うれしく⁠て​スキップ⁠で​出かけ⁠まし⁠た。	Sang wombat pun senang dan melompat-lompat kegirangan.	Wombat berasa gembira dan mula meloncat.	شعر الومبت بالسّعادة وبدأ يقفزُ فَرِحًا.
boy.page.6	{NAME:P1} passes a tree that smells nice.\nHe stops. There's a strange, gray animal on a branch.	{NAME:P1} минует дерево, которое пахнет так вкусно!\nОн останавливается. На ветке дерева сидит странное серое существо.	{NAME:P1} kommt an einem Baum vorbei, der köstlich duftet.\nEr hält an. Ein merkwürdiges graues Tier sitzt auf dem Ast.	{NAME:P1} passe devant un arbre qui sent très bon. Il s'arrête.\nUn étrange animal gris est accroché à une branche.	{NAME:P1} passa davanti a un albero che ha un buon profumo.\nSi ferma. C’è uno strano animale grigio su un ramo.	{NAME:P1} passa por uma árvore que parece ter um cheiro bom.\nEle para e observa um estranho animal cinza em cima de um galho.	{NAME:P1} pasa al lado de un árbol que huele bien.\nSe detiene. Hay un extraño animal gris sobre una rama.	{NAME:P1}​は、​いい​匂い⁠の​する​木⁠の​横⁠を​通り過ぎ⁠まし⁠た。​{NAME:P1}​は​立ち\n止まる​と、​見なれ⁠ない​グレー⁠の​動物⁠が​枝⁠の​上⁠に​いる​の⁠を​見つけ⁠まし⁠た。	{NAME:P1} melewati sebuah pohon yang tercium wangi. Dia pun berhenti.\nAda seekor hewan berwarna abu-abu yang aneh di dahan pohon itu.	{NAME:P1} melepasi sebatang pohon yang berbau wangi.\nDia berhenti. Ada haiwan ganjil berwarna kelabu pada dahannya.	مرّ {NAME:P1} بشجرةٍ تنبعث منها رائحةٌ لطيفةٌ،\nفتوقّف ووجد حيوانًا رماديًا غريبًا على أحد الأغصان.
boy.page.7	“Who are you?” the wombat asks.	«Кто ты?» ‒ спрашивает вомбат.	„Wer bist du?“, fragt der Wombat.	« Qui es-tu ? » demande le wombat.	«Tu chi sei?», chiede il wombat.	“Quem é você?”, pergunta o vombate.	“¿Quién eres?” pregunta el uómbat.	「君⁠は​誰​だい⁠？」\n​{NAME:P1}​は​聞き⁠まし⁠た。	“Siapa kamu?” tanya si wombat.	“Siapa kamu?” tanya wombat.	سأل الومبت: ”من أنت؟“
boy.page.8	“I'm a koala,” the animal says. “I eat leaves,\nbut I've gobbled up almost every single one on this tree.”	«Я – коала, ‒ отвечает существо. ‒ Я ем листья.\nНо на этом дереве я съела почти всё».	„Ich bin ein Koala“, sagt das Tier. „Ich fresse Blätter, aber ich habe\nschon fast jedes einzelne Blatt an diesem Baum abgeknabbert.“	« Je suis un koala, dit l'animal. Je mange des feuilles,\nmais j'ai englouti presque toutes celles de cet arbre. »	«Sono un koala», risponde l’animale. «Mangio foglie,\nma mi sono pappato quasi tutte quelle che erano sull’albero».	“Eu sou um coala”, o animal responde. “Eu como folhas,\nmas já comi quase todas as folhas desta árvore.”	“Soy un koala”, contesta el animal.\n“Como hojas pero he engullido casi todas las de este árbol”.	「私⁠は​コアラ⁠だ⁠よ」​グレー⁠の​動物⁠は​言い⁠まし⁠た。​「私⁠は​葉っぱ⁠を\n食べる​ん⁠だ⁠けど、​この⁠木⁠の​葉っぱ⁠を、​食べ​つくし⁠て​しまっ⁠た​ん⁠だ」	“Aku seekor koala,” ujar hewan itu. “Makananku dedaunan,\ntetapi aku sudah melahap hampir semua daun di pohon ini.”	“Saya koala,” kata haiwan itu. “Saya makan daun, tapi saya sudah\nmakan hampir setiap helai daun pada pohon ini dengan lahapnya.”	فأجاب الحيوان: ”أنا كوالا، أنا آكل أوراقَ الشّجر،\nلكنني التهمتُ كُلَّ أوراق هذه الشّجرة تقريبًا“.
boy.page.9	The koala sighs. “I crawl too slowly to reach another good tree today.”	Коала опечалена. «Я так медленно хожу,\nчто не успею добраться до нового дерева сегодня».	Der Koala seufzt. „Ich krabbele zu langsam,\num heute noch einen weiteren guten Baum zu erreichen.“	Le koala soupire. « Je rampe trop lentement\npour atteindre un autre arbre aujourd'hui. »	Il koala sospira. «Sono troppo lento per raggiungere un altro albero oggi».	O coala suspira. “Eu ando muito devagar\ne não devo conseguir chegar até uma outra árvore boa por hoje.”	El koala suspira. “Me muevo muy lentamente\ncomo para poder llegar hoy hasta otro árbol”.	コアラ⁠は​ため息⁠を​つき⁠まし⁠た。​「私⁠は​歩く​の⁠が​おそ​すぎる⁠から、\n今日⁠は​もう⁠他⁠の​木⁠に​たどり着く​の⁠は​ムリ⁠だ⁠よ」	Sang koala mengeluh. “Aku terlalu pelan merangkak\nuntuk menjangkau pohon bagus lainnya hari ini.”	Koala itu mengeluh. “Saya merangkak terlalu perlahan\nuntuk sampai ke sebatang pohon lain hari ini.”	تنهّد الكوالا وتابع كلامه قائلاً: ”وها أنا أتحرَّكُ\nببطءٍ شديدٍ لأَصِلَ إلى شجرةٍ جيّدةٍ أخرى اليوم“.
boy.page.10	{NAME:P1} has an idea! “I can bring you\nto a good tree. Just hop on my back!”	У {NAME:P2} появляется идея: «Давай, я отнесу тебя\nк хорошему дереву. Запрыгивай ко мне на спину!»	{NAME:P1} hat eine Idee! „Ich kann dich zu einem\nguten Baum bringen. Hüpf einfach auf meinen Rücken!“	{NAME:P1} a une idée ! « Je peux t'amener à un arbre.\nTu n’as qu’à sauter sur mon dos ! »	{NAME:P1} ha un’idea: «Posso portarti io. Salta sulla mia schiena!»	{NAME:P1} tem uma ideia! “Eu posso levar você\naté uma boa árvore. É só você subir nas minhas costas!”	¡{NAME:P1} tiene una idea!\n“Te puedo llevar hasta un buen árbol. ¡Súbete a mi espalda!”	{NAME:P1}​は、​ひらめき⁠まし⁠た⁠！​\n「僕⁠の​背中⁠に​乗り⁠な⁠よ⁠！」	{NAME:P1} punya ide! “Aku bisa mengantarmu ke pohon\nyang bagus. Naik saja ke punggungku!”	{NAME:P1} ada satu idea! “Saya boleh membawa kamu ke pohon\nyang elok. Lompatlah ke atas belakang saya!”	خطرت {NAME:P1} فكرةً! ”يمكنني أن آخذكَ إلى شجرةٍ\nمليئةٍ بالأوراق. اقفزْ على ظهري لنذهبَ إليها!“
boy.page.11	The koala climbs on the wombat's back.\nTogether, they walk until the koala sees a tree he likes.	Коала забирается на спину вомбата, и они идут вместе,\nпока коала не замечает дерево, которое ей нравится.	Der Koala klettert auf den Rücken des Wombats. Gemeinsam\nlaufen sie weiter, bis der Koala einen Baum sieht, der ihm gefällt.	Le koala grimpe sur le dos du wombat. Ensemble,\nils marchent jusqu'à ce que le koala voit un arbre qui lui plait.	Il koala si arrampica sulla schiena del wombat. Camminano insieme\nfinché il koala non trova un altro albero che gli piace.	O coala sobe nas costas do vombate.\nEles caminham juntos até que o coala vê uma árvore do seu gosto.	El koala se trepa a la espalda del uómbat.\nCaminan juntos hasta que el koala divisa un árbol que le gusta.	コアラ⁠は​ウォン​バット⁠の​背中⁠の​上⁠に​乗り、\nコアラ⁠が​気に入る​木⁠が​見つかる⁠まで​歩き⁠まし⁠た。	Koala pun naik ke punggung wombat. Mereka bersama-sama\nberjalan sampai si koala melihat pohon yang dia sukai.	Koala itu pun memanjat belakang wombat. Mereka pun berjalan\nbersama-sama sehingga koala itu nampak pohon yang disukainya.	تسلّقَ الكوالا على ظهرِ الومبت. وسارا حتى رأى الكوالا شجرةً تعجبُهُ.
boy.page.12	There's only one problem.\nBetween them and the tree, there's a small river.	Однако есть одна проблема: между ними\nи деревом пролегает небольшая речка.	Es gibt nur ein Problem. Zwischen ihnen\nund dem Baum fließt ein kleiner Bach.	Mais il y a un problème. Entre eux et l'arbre, coule une petite rivière.	C’è solo un problema. Tra loro e l’albero, scorre un fiumiciattolo.	Só tem um probleminha. Entre eles e a árvore, há um pequeno riacho.	Sólo hay un problema. Entre ellos y el árbol hay un riachuelo.	しかし、​そこ⁠に⁠は​ある​問題⁠が​あり⁠まし⁠た。\n{NAME:P1}​たち⁠が​目指す​木⁠は、​川⁠の​向こう⁠側⁠に​あっ⁠た​の⁠です。	Hanya ada satu masalah. Ada sungai kecil\nyang menghalangi mereka berdua dan pohon itu.	Namun ada satu masalah. Di antara mereka\ndan pohon itu, ada sebatang sungai kecil.	لكنْ كانت هناك مشكلة، إذ يفصلُ بينهم وبين الشّجرةِ نهرٌ صغير.
boy.page.13	“I can't swim,” {NAME:P1} says.	«Я не умею плавать», ‒ говорит {NAME:P1}.	„Ich kann nicht schwimmen“, sagt {NAME:P1}.	« Je ne sais pas nager, » dit {NAME:P1}.	«Non so nuotare», dice {NAME:P1}.	“Eu não sei nadar”, diz {NAME:P1}.	“Yo no sé nadar”, se lamenta {NAME:P1}.	「僕、​泳げ⁠ない​ん⁠だ」\n​{NAME:P1}​は​言い⁠まし⁠た。	“Aku tidak bisa berenang,” kata {NAME:P1}.	“Saya tidak pandai berenang,” {NAME:P1} berkata.	قال {NAME:P1}: ”لا أستطيعُ السباحة“.
boy.page.14	“But I can!” the koala says.	«А я умею!» ‒ отвечает коала.	„Aber ich kann schwimmen“, sagt der Koala.	« Mais moi si ! » dit le koala.	«Ma io sì!», dice il koala.	“Mas eu sei!”, o coala diz.	“¡Pero yo sí!” replica el koala.	「でも⁠私⁠は​泳げる⁠！」​コアラ⁠は​言い⁠まし⁠た。	“Tapi aku bisa!” kata si koala.	“Tapi saya pandai!” kata koala itu.	أجابَ الكوالا: ”لكنني أستطيع!“
boy.page.15	He jumps off the wombat's back. The koala crosses the river.	Она спрыгивает со спины вомбата и переплывает реку.	Er springt vom Rücken des Wombats ab.\nDer Koala überquert den Bach.	Il saute du dos de {NAME:P1} et traverse la rivière.	Il koala salta giù dalla schiena del wombat e attraversa il fiume.	O coala pula das costas do vombate e atravessa o riacho.	Salta de la espalda del uómbat. El koala cruza el río.	コアラ⁠は​ウォン​バット⁠の​背中⁠から​飛び​おりる⁠と、\n向こう岸⁠まで​泳い⁠で​いき⁠まし⁠た。	Koala meloncat turun dari punggung wombat.\nSi koala pun menyeberangi sungai.	Koala melompat turun dari belakang wombat. Dia menyeberangi sungai itu.	قفزَ الكوالا عن ظهرِ الومبت، وعبرَ النّهر.
boy.page.16	He climbs into his new tree\nand swings from branch to branch. He’s happy!	Коала забирается на новое дерево. Она счастлива.	Er klettert auf seinen neuen Baum\nund schwingt sich von Ast zu Ast. Er ist glücklich!	Il grimpe dans son nouvel arbre\net se balance de branche en branche. Il est ravi !	Si arrampica sul suo nuovo albero e si dondola tra i rami. Com’è felice!	Ele sobe em sua nova árvore\ne vai passando de galho em galho. Ele está feliz!	Trepa a su nuevo árbol y se hamaca de rama en rama. ¡Está contento!	コアラ⁠は​新しい​木⁠に​さっそく⁠よじ登る⁠と、\n枝⁠から​枝⁠へ⁠と​行っ⁠たり​来⁠たり、​大⁠よろこび⁠です⁠！	Dia memanjat pohon yang baru dia temukan,\nlalu berayun-ayun dari satu dahan ke dahan lainnya. Senangnya dia!	Dia memanjat pohon baharunya\ndan berayun dari dahan ke dahan. Dia gembira!	ثمَّ صعدَ إلى شجرته الجديدة وبدأ يتأرجح من غصنٍ إلى غصنٍ. وكان سعيدًا جدًّا!
boy.page.17	“Although I'm not fast on the ground, I'm a great swimmer,”\nthe koala says. “Everybody's good at something.”	«Хоть я и не умею быстро передвигаться по земле, зато я\nпрекрасно плаваю, ‒ говорит коала. ‒ Каждый хорош в чём-нибудь».	„Obwohl ich zu Fuß nicht so schnell bin, bin ich ein toller Schwimmer“,\nsagt derKoala. „Jeder hat etwas, das er gut kann.“	« Bien que je ne sois pas rapide à terre, je suis un excellent nageur,\ndit le koala. Tout le monde est bon à quelque chose. »	«Anche se non sono veloce a camminare, sono un grande nuotatore»,\ndice il koala. «Tutti sono bravi in qualcosa».	“Embora eu não seja rápido no chão, eu sou um ótimo nadador”,\ndiz o coala. “Todo mundo é bom em alguma coisa.”	“Aunque no soy rápido por el suelo, soy un buen nadador”,\ndice el koala. “Todo el mundo es bueno en algo”.	「私⁠は、​地面⁠の​上⁠で⁠は​おそい⁠けれど、​泳ぎ⁠なら​速い​ん⁠だ⁠！」\nコアラ⁠は​言い⁠まし⁠た。​「誰⁠に⁠だって​何⁠か​得意⁠な​こと⁠が​ある⁠よ」	“Gerakanku memang tidak cepat kalau di darat, tapi aku jago berenang,”\nujar sang koala. “Setiap orang pintar di bidangnya masing-masing.”	“Walaupun saya tidak bergerak pantas di tanah, saya perenang yang hebat,”\nkata koala. “Setiap orang ada bakat masing-masing.”	قال الكوالا: ”رغم أنّني لستُ سريعًا على الأرض،\nإلا أنّني سباحٌ بارعٌ. فكلٌّ منّا يَبرُعُ في أمرٍ ما“.
boy.page.18	{NAME:P1} says goodbye\nto the koala and continues his walk.	{NAME:P1} прощается с коалой и продолжает свой путь.	{NAME:P1} verabschiedet sich von dem Koala\nund fährt fort mit seinem Spaziergang.	{NAME:P1} dit au revoir au koala et poursuit sa marche.	{NAME:P1} saluta il koala e prosegue la sua passeggiata.	{NAME:P1} se despede do coala e continua o seu passeio.	{NAME:P1} se despide del koala y sigue su paseo.	{NAME:P1}​は​コアラ⁠に​さよなら⁠と\n言っ⁠て、​散歩⁠を​続け⁠ます。	{NAME:P1} pamit pada si koala dan melanjutkan perjalanannya.	{NAME:P1} mengucapkan selamat jalan kepada koala\ndan meneruskan perjalanannya.	ودّع {NAME:P1} الكوالا وواصل سيره.
boy.page.19	He pauses when he sees a strange, pointy plant.\n“What's this?” the wombat says.	Он останавливается, увидев странное острое растение.\n«Что это?» ‒ интересуется вомбат.	Er hält inne, als er eine merkwürdige spitze Pflanze sieht.\n„Was ist das?“, fragt der Wombat.	Il s'arrête devant une plante étrange et pointue.\n« Qu'est-ce que c'est ? » dit le wombat.	A un certo punto vede una strana pianta appuntita, e si ferma.\n«Che cos’è?», si chiede il wombat.	Ao ver uma planta estranha e espinhosa, ele faz uma pausa.\n“O que é isso?”, pergunta o vombate.	Se detiene al ver una extraña planta puntiaguda.\n“¿Esto qué es?” se pregunta el uómbat.	{NAME:P1}​は、​変⁠な​トゲトゲし⁠た​植物⁠を​見つけ⁠て​立ち止まり⁠まし⁠た。\n「なん⁠だ​これ⁠は⁠？」​{NAME:P1}​は​言い⁠まし⁠た。	Dia berhenti ketika dia melihat tanaman yang aneh\ndan bentuknya runcing. “Apa ini?” ujar si wombat.	Dia berhenti apabila melihat pohon yang ganjil\ndan tajam. “Apakah ini?” kata wombat.	توقّف الومبت حين رأى نباتًا غريبًا شائكًا، فتساءل: ”ما هذا؟“
boy.page.20	The plant moves. It's not a plant!\nIt's a strange animal {NAME:P1} has never seen before.	Растение передвигается. И это не растение! Это странное животное,\nкоторое {NAME:P1} никогда раньше не встречал.	Die Pflanze bewegt sich. Es ist gar keine Pflanze! Es ist ein\nmerkwürdiges Tier, das {NAME:P1} noch nie zuvor gesehen hat.	La plante se met à bouger. Ce n'est pas une plante !\nC'est un animal étrange que {NAME:P1} n'a jamais vu auparavant.	La pianta si muove. Non è una pianta!\nÈ uno strano animale che {NAME:P1} non ha mai visto prima.	A planta se move. Ah, não é uma planta! É um animal estranho\nque {NAME:P1} nunca tinha visto antes.	La planta se mueve. ¡No es una planta!\nSe trata de un extraño animal que {NAME:P1} nunca había visto.	その⁠植物⁠は​動き⁠まし⁠た。​植物⁠で⁠は​あり⁠ませ⁠ん⁠！\nこれ⁠は​{NAME:P1}​が​見⁠た​こと⁠も​ない​変⁠な​動物⁠だっ⁠た​の⁠です。	Tanaman itu bergerak. Ternyata itu bukan tanaman!\nItu hewan aneh yang belum pernah dilihat oleh {NAME:P1} sebelumnya.	Pohon itu bergerak. Rupa-rupanya ia bukan pohon!\nIa haiwan ganjil yang tidak pernah dilihat {NAME:P1} sebelum ini.	بدأ النبات يتحرّك. يا للهول، إنّه ليس نباتًا!\nإنّه حيوانٌ غريبٌ لم يره {NAME:P1} من قبل.
boy.page.21	“Who are you?” he asks the animal.	«Кто ты?» ‒ спрашивает {NAME:P1}.	„Wer bist du?“, fragt er das Tier.	« Qui es-tu ? » demande-t-il à l'animal.	«E tu chi sei?», chiede il wombat all’animale.	“Quem é você?”, ele pergunta ao animal.	“¿Quién eres?” le pregunta al animal.	「君⁠は、​誰​だい⁠？」\n​{NAME:P1}​は​聞き⁠まし⁠た。	“Siapa kamu?” dia bertanya kepada hewan itu.	“Siapakah kamu?” dia bertanya haiwan itu.	سأله {NAME:P1}: ”من أنت؟“
boy.page.22	“I'm an echidna,” the animal says.\nShe shakes her spikes. They look dangerous.	«Я – ехидна», ‒ отвечает животное, покачивая\nсвоими колючками, которые выглядят довольно опасно.	„Ich bin ein Ameisenigel“, sagt das Tier. Sie schüttelt\nihre spitzen Stacheln. Die sehen ganz schön gefährlich aus.	« Je suis un échidné, » dit l'animal en secouant\nses piquants qui ont l'air bien dangereux.	«Sono un’echidna», risponde l’animale,\nscuotendo gli aculei, che sembrano davvero pericolosi.	“Eu sou uma equidna, prima do ornitorrinco!”, o animal diz.\nEla sacode seus espinhos. Eles parecem perigosos.	“Soy un equidna”, le contesta el animal.\nY zarandea sus púas. Parecen peligrosas.	「私⁠は​ハリ​モグラ」​変⁠な​動物⁠は​言い⁠まし⁠た。​ハリ​モグラ⁠は​体⁠の​ハリ⁠を\nブルブル⁠さ⁠せ⁠まし⁠た。​とても⁠キケン⁠に​見え⁠ます。	“Aku seekor landak semut,” kata si hewan.\nDia menggoyangkan duri-durinya. Duri-duri itu terlihat berbahaya.	“Saya ekidna,” kata haiwan itu. Dia menggoyangkan bulu kasarnya\nyang seperti pepaku. Bulu itu kelihatan berbahaya.	قال الحيوان: ”أنا قنفذُ النَّمل“. ثم بدأ يهزُّ أشواكه. وكان يبدو خطيرًا.
boy.page.23	“I saw that you brought the koala to another tree,” the echidna says.\n“I'm tired. Can you please give me a ride on your back?”	«Я видела, как ты нёс коалу к другому дереву, ‒ говорит\nехидна. ‒ Я очень устала. Ты не мог бы перенести меня на своей спине?»	„Ich hab gesehen, wie du den Koala zu einem anderen Baum gebracht hast“,\nsagt der Ameisenigel. „Ich bin müde. Darf ich auch auf deinen Rücken?“	« J'ai vu que tu as apporté le koala à un autre arbre,\ndit l'échidné. Je suis fatiguée. Peux-tu me porter sur ton dos ? »	«Ho visto che hai portato il koala a un altro albero», dice l’echidna.\n«Sono stanca. Potresti dare un passaggio anche a me?»	“Eu vi que você levou o coala para uma outra árvore”, diz a equidna.\n“Eu estou tão cansada. Você poderia me dar uma carona nas suas costas?”	“Vi que llevaste al koala a otro árbol”, le dice el equidna.\n“Estoy cansado. Por favor, ¿me puedes llevar en tu espalda?”	「あなた⁠が、​コアラ⁠を​他⁠の​木⁠に​運ん⁠で​あげる​ところ​見⁠た⁠わ」​ハリ​モグラ\nは​言い⁠まし⁠た。​「私、​つかれ⁠た⁠の、​私⁠も​お願い​し⁠て⁠も​いい⁠かしら⁠？」	“Aku melihat kamu membawa koala ke pohon lain,” ujar si landak semut.\n“Aku lelah. Maukah kamu menggendongku?”	“Saya nampak kamu membawa koala ke pohon yang satu lagi,” kata ekidna itu.\n“Saya penat. Bolehkah kamu tumpangkan saya di atas belakang kamu?”	قال قنفذُ النَّملِ: ”رأيتُ أنَّك أحضرت الكوالا إلى شجرةٍ أخرى، أنا متعبٌ.\nهل يمكنك أن تحملني على ظهرك من فضلك؟“
boy.page.24	{NAME:P2} not sure.\nHe doesn't like the echidna's spikes.	{NAME:P1} сомневается. Ему не нравятся ехиднины колючки.	{NAME:P1} ist sich unsicher.\nIhm gefallen die Stacheln des Ameisenigels nicht.	{NAME:P1} n'est pas bien sûr.\nIl n'aime pas trop les piquants de l'échidné.	{NAME:P1} è incerto. Non gli piacciono quegli aculei.	{NAME:P1} não tem certeza. Ele não gosta dos espinhos da equidna.	{NAME:P1} no sabe qué hacer.\nNo le gustan las púas del equidna.	{NAME:P1}​は​困り⁠まし⁠た。\n​ハリ​モグラ⁠の​ハリ⁠が​こわい​の⁠です。	{NAME:P1} tidak yakin. Dia tidak menyukai duri-duri si landak semut.	{NAME:P1} berasa tidak pasti.\nDia tidak suka dengan bulu ekidna yang seperti pepaku itu.	تردّد {NAME:P1} في الموافقة لأنّه خاف من أشواك قنفذ النّمل.
boy.page.25	“They won't hurt you,” the echidna says.	«Не бойся, они тебе не повредят», ‒ говорит ехидна.	„Die tun dir nicht weh“, sagt der Ameisenigel.	« Je ne te ferai pas mal, » dit l'échidné.	«Non ti farò del male!», dice l’echidna.	“Eles não vão machucar você”, a equidna diz.	“No te harán daño”, dice el equidna.	「大丈夫⁠よ、​あなた⁠の​こと​キズ​つけ⁠ない⁠わ」\n​ハリ​モグラ⁠は​言い⁠まし⁠た。	“Duri-duri ini tidak menyakitkan,” ujar si landak semut.	“Bulu saya tidak akan mencederakan kamu,” kata ekidna.	قال قنفذ النّمل: ”لا تقلق، لن تؤذيكَ أشواكي“.
boy.page.26	The echidna hops on the wombat's back.\nShe doesn't use her spikes, so she doesn't hurt him at all!	Ехидна запрыгивает вомбату на спину.\nОна не использует свои колючки и не причиняет ему вреда.	Der Ameisenigel hüpft auf den Rücken des Wombats.\nSie stellt die Stacheln nicht auf und tut ihm überhaupt nicht weh!	L'échidné monte sur le dos du wombat. Elle n'utilise pas\nses pics et ne fait pas du tout mal à {NAME:P1} !	L’echidna salta sulla schiena del wombat.\nNon usa i suoi aculei, e perciò non gli fa niente!	A equidna sobe nas costas do vombate. Ela não usa seus espinhos,\nentão ela não o machuca de jeito nenhum!	El equidna se trepa a la espalda del uómbat.\nNo usa sus púas, ¡por lo que no le hace ningún daño!	ハリ​モグラ⁠は​ウォン​バット⁠の​背中⁠に​飛び乗り⁠まし⁠た。\nハリ⁠を​立た⁠せ⁠て​い⁠ない⁠ので、​{NAME:P1}​は​全く⁠痛く​あり⁠ませ⁠ん⁠！	Landak semut melompat ke punggung wombat. Dia tidak menggunakan\nduri-durinya, jadi si wombat tidak kesakitan sama sekali.	Ekidna pun melompat ke atas belakang wombat. Dia tidak menggunakan\nbulunya yang seperti pepaku, jadi dia tidak menyakiti wombat sama sekali!	قفزَ قنفذ النّملِ على ظهر الومبت،\nولم تنتصب أشواكه، لذا لم يشعر الومبت بأيّ ألم!
boy.page.27	When they reach the bush, she thanks {NAME:P1}.	Когда они добираются до леса, куда хотела\nпопасть ехидна, она благодарит {NAME:P4}.	Als sie den Busch erreichen, bedankt sie sich bei {NAME:P1}.	Quand ils atteignent un buisson, elle remercie {NAME:P1}.	Quando arrivano alla foresta, l’echidna ringrazia {NAME:P1}.	Quando eles chegam perto de alguns arbustos,\nela agradece ao {NAME:P1}.	Cuando llegan al arbusto le da las gracias a {NAME:P1}.	{NAME:P1}​たち⁠が​草むら⁠に​つく⁠と、\nハリ​モグラ⁠は​{NAME:P1}​に​お礼⁠を​言い⁠まし⁠た。	Ketika mereka sudah sampai di semak-semak,\nlandak semut berterima kasih pada {NAME:P1}.	Apabila mereka tiba di semak,\nekidna mengucapkan terima kasih kepada {NAME:P1}.	وحين وصلا إلى الأدغال، شكرَ قنفذ النّمل {NAME:P1}.
boy.page.28	“Animals who look a bit different\ncan be very sweet, too,” the echidna says.	«Животные, которые отличаются от других,\nтоже могут быть весьма любезны», ‒ говорит ехидна.	„Tiere, die ein bisschen anders aussehen,\nkönnen auch sehr nett sein“, sagt der Ameisenigel.	« Les animaux qui ont l'air un peu différents\npeuvent être très doux aussi, » dit l'échidné.	«Gli animali che sembrano un po’ diversi possono\nanche essere molto dolci», dice l’echidna.	“Animais com uma aparência um pouco diferente\ntambém podem ser muito bonzinhos e fofos”, diz a equidna.	“Los animales que tienen una apariencia\nun poco distinta también pueden ser amables”, le dice el equidna.	「少し⁠見た目⁠が​変⁠な​動物⁠で⁠も、​意外と⁠みんな​良い​動物⁠な⁠の⁠よ」\nハリ​モグラ⁠は​言い⁠まし⁠た。	“Hewan yang penampilannya agak berbeda juga bisa\nsangat menyenangkan,” kata sang landak semut.	“Haiwan yang kelihatan agak berbeza boleh jadi amat baik juga,” kata ekidna.	وقال: ”الحيوانات التي تبدو مختلفة يمكن أن تكون لطيفة جدًا أيضًا“.
boy.page.29	The wombat agrees and continues his walk.	Вомбат соглашается и продолжает свой путь.	Der Wombat stimmt zu und fährt fort mit seinem Spaziergang.	Le wombat est d'accord et continue sa marche.	Il wombat è d’accordo, e continua la sua passeggiata.	O vombate concorda e continua o seu passeio.	El uómbat está de acuerdo y continua su paseo.	ウォン​バット⁠は​うん​うん⁠！\n⁠と​うなずき、​また⁠散歩⁠を​続け⁠ます。	Wombat pun setuju, lalu melanjutkan perjalanannya.	Wombat setuju dan meneruskan perjalanannya.	وافقه {NAME:P1} الرّأي وواصل سيره.
boy.page.30	When {NAME:P1} passes a dark cave,\nhe walks a little faster. “How scary,” he thinks.	Проходя мимо тёмной пещеры, {NAME:P1} ускоряет шаг.\n«Страшно-то как», ‒ думает он.	Als {NAME:P1} an einer dunklen Höhle vorbeikommt,\ngeht er ein bisschen schneller. Wie gruselig, denkt er.	Lorsque {NAME:P1} passe devant une grotte sombre,\nil marche un peu plus vite. « Comme c'est effrayant, » pense-t-il.	{NAME:P1} passa davanti a una caverna buia\ne affretta il passo. «Che paura», pensa.	Quando {NAME:P1} passa por uma caverna escura,\nele caminha um pouco mais rápido. “Que medo”, ele pensa.	Cuando {NAME:P1} pasa frente a una cueva oscura\ncamina un poquito más rápido. “Qué miedo”, piensa.	{NAME:P1}​は​暗い​どう⁠くつ⁠の​横⁠を​通る​とき、​少し⁠速く​歩き⁠まし⁠た。\nとっても⁠こわく​感じ⁠た⁠から⁠です。	Tatkala {NAME:P1} melewati gua yang gelap,\ndia berjalan agak cepat. “Menakutkan sekali,” pikirnya.	Apabila {NAME:P1} melintasi sebuah gua, dia berjalan lebih cepat.\n“Alangkah takutnya,” dia berfikir.	مرّ {NAME:P1} بكهفٍ مُظلم، فأسرع في سيره، وقال لنفسه: ”يا له من كهفٍ مخيفٍ“.
boy.page.31	He keeps walking. Before long, he sees\na strange animal hanging upside down from a tree.	Но продолжает идти. И тут он видит\nстранное существо, висящее на дереве вверх ногами.	Er geht weiter. Nach kurzer Zeit sieht er ein merkwürdiges Tier,\ndas kopfüber von einem Baum hängt.	Il poursuit son chemin. Peu après, il voit\nun étrange animal pendu la tête en bas à un arbre.	Continua a camminare, e presto vede\nuno strano animale appeso a un albero a testa in giù.	Ele continua caminhando. Pouco tempo depois, ele vê um estranho animal\npendurado de cabeça para baixo em uma árvore.	Sigue caminando. Poco después ve un animal\ncolgando boca abajo de un árbol.	{NAME:P1}​は​歩き​続け⁠まし⁠た。​まもなく⁠する⁠と、\n変⁠な​動物⁠が​逆さま⁠に​木⁠から​ぶら下がっ⁠て​いる​の⁠を​見つけ⁠まし⁠た。	Dia terus berjalan. Tak lama kemudian,\ndia melihat seekor hewan aneh yang bergantung terbalik di sebuah pohon.	Dia terus berjalan. Tidak lama kemudian, dia melihat haiwan\nyang ganjil bergantung dengan kepala ke bawah pada sebatang pohon.	واصل {NAME:P1} السّيرَ. وبعد قليلٍ رأى\nحيوانًا غريبًا متعلّقًا بشجرةٍ رأسًا على عقب.
boy.page.32	“You're not a bird,” the wombat says,\n“but you have wings. Who are you?”	«Ты не птица, но у тебя есть крылья. Кто ты?» ‒ спрашивает вомбат.	„Du bist kein Vogel“, stellt der Wombat fest.\n„Aber du hast Flügel. Wer bist du?“	« Tu n'es pas un oiseau, dit le wombat,\nmais tu as des ailes. Qui es-tu ? »	«Tu non sei un uccello», dice il wombat, «eppure hai le ali. Chi sei?»	“Você não é um pásssaro”, diz o vombate,\n“mas você tem asas. Quem é você?”	“Tú no eres un pájaro”, le dice el uómbat, “pero tienes alas. ¿Quién eres?”	「君⁠は​鳥⁠じゃ⁠ない⁠ね」​{NAME:P1}​は​言い⁠まし⁠た。\n「でも、​つばさ⁠が​ある。​君⁠は​誰​なん​だい⁠？」	“Kamu bukan burung,” ujar si wombat, “tapi kamu punya sayap. Siapa kamu?”	“Kamu bukan burung,” kata wombat, “tetapi kamu ada sayap. Siapakah kamu?”	قال الومبت: ”أنت لست طائرًا، لكن لديك أجنحة. من أنت؟“
boy.page.33	“I'm a bat, and I'm lost,” the animal says. “I can't find my cave.”	«Я – летучая мышь. Я потерялась и не могу найти\nдорогу к своей пещере», ‒ отвечает существо.	„Ich bin eine Fledermaus und ich hab mich verirrt“,\nsagt das Tier. „Ich finde meine Höhle nicht.“	« Je suis une chauve-souris et je suis perdu, dit l'animal.\nJe ne retrouve plus ma grotte. »	«Sono un pipistrello, e mi sono perso»,\nrisponde l’animale. «Non trovo la mia caverna».	“Eu sou um morcego e estou perdido”, diz o animal.\n“Não consigo encontrar a minha caverna.”	“Soy un murciélago y estoy perdido”, le contesta el animal.\n“No puedo encontrar mi cueva”.	「僕⁠は​コウモリ⁠さ、​そして⁠僕⁠は​迷子⁠な​ん⁠だ」​その⁠変⁠な​動物⁠は\n言い⁠まし⁠た。​「僕⁠の​どう⁠くつ⁠が​見当たら⁠ない​ん⁠だ」	“Aku kelelawar, dan aku tersesat,” kata si hewan.\n“Aku tidak menemukan guaku.”	“Saya kelawar dan saya tersesat,” kata haiwan itu.\n“Saya tidak menjumpai gua saya.”	أجاب: ”أنا خفّاش، وأنا تائهٌ. لا أستطيعُ العثورَ على كهفي“.
boy.page.34	The wombat remembers the cave he just passed.\n“I can take you there. Hop on my back.”	Вомбат вспоминает о пещере, мимо которой он проходил\nнедавно. «Я могу отнести тебя туда. Запрыгивай ко мне на спину».	Der Wombat erinnert sich an die Höhle, an der er eben vorbeikam.\n„Ich kann dich dorthin bringen. Hüpf auf meinen Rücken.“	Le wombat se souvient de la grotte qu'il vient de passer.\n« Je peux t'y emmener. Saute sur mon dos. »	Al wombat viene in mente la caverna che ha appena visto.\n«Posso portarti io. Salta sulla mia schiena!»	Então o vombate se lembra da caverna por onde acabara de passar.\n“Eu posso levar você até lá! Suba nas minhas costas.”	El uómbat recuerda la cueva por la que acaba de pasar.\n“Te puedo llevar hasta ella. Súbete a mi espalda.”	{NAME:P1}​は、​さっき​ちょうど⁠通り​かかっ⁠た​どう⁠くつ⁠を​思い出し⁠まし⁠た。\n「僕、​どう⁠くつ⁠が、​どこ⁠か​わかる⁠よ、​背中⁠に​乗り⁠な」	Sang wombat teringat gua yang baru saja dilewatinya.\n“Aku bisa mengantarmu ke sana. Naiklah ke punggungku.”	Wombat itu teringat gua yang baru sahaja dilintasinya.\n“Saya boleh bawa kamu ke sana. Lompatlah ke atas belakang saya.”	تذكّر الومبت الكهف الذي مرّ به قبل قليلٍ، فقال:\n”يمكنني أن آخذك إلى هناك. اقفزْ على ظهري“.
boy.page.35	With the bat on his back, {NAME:P1} walks up\nto the entrance of the cave, but he's afraid of the dark.	С летучей мышью на спине {NAME:P1} подходит\nко входу в пещеру. Он боится темноты.	Mit der Fledermaus auf dem Rücken geht {NAME:P1}\nauf den Höhleneingang zu, aber er hat zu große Angst vor der Dunkelheit.	Avec la chauve-souris sur le dos, {NAME:P1} marche\njusqu'à l'entrée de la grotte, mais il a peur du noir.	Con il pipistrello sulla schiena, {NAME:P1} cammina\nfino all’ingresso della caverna, ma ha paura del buio.	Com o morcego em suas costas, {NAME:P1} vai\naté a entrada da caverna, mas ele tem medo de escuro.	Con el murciélago en su espalda, {NAME:P1} camina\nhasta la entrada de la cueva, pero le da miedo la oscuridad.	コウモリ⁠を​背中⁠に​乗せ⁠ながら、​{NAME:P1}​は​どう⁠くつ⁠の​入り口⁠まで\n歩き⁠まし⁠た。​しかし、​{NAME:P1}​は​暗い​どう⁠くつ⁠を​こわがり⁠ます。	Dengan menggendong kelelawar, {NAME:P1} berjalan\nmenuju ke mulut gua, tetapi dia takut kegelapan.	Dengan kelawar di atas belakangnya, {NAME:P1} berjalan hingga\nsampai ke pintu masuk gua, tetapi dia takut akan gelap.	حمل {NAME:P1} الخفّاش على ظهره،\nوسار إلى مدخل الكهف، لكنّه خاف من السّيرِ في الظّلام.
boy.page.36	“Go inside,” the bat says. “The dark is not that scary.”	«Заходи! ‒ говорит летучая мышь. ‒ Темнота не такая уж и страшная».	„Geh ruhig rein“, sagt die Fledermaus.\n„Die Dunkelheit ist gar nicht so beängstigend.“	« Entre à l'intérieur, dit la chauve-souris. Le noir n'est pas si effrayant. »	«Entra», dice il pipistrello. «Il buio non fa paura».	“Pode entrar”, diz o morcego. “O escuro não é tão assustador assim.”	“Entra”, lo invita el murciélago. “La oscuridad no es tan aterradora”.	「中⁠に​入り⁠な⁠よ」​コウモリ⁠は​言い⁠まし⁠た。\n「暗い​の⁠って、​そんなに⁠こわく⁠ない​ん⁠だ⁠よ」	“Masuklah,” kata si kelelawar. “Kegelapan tidak semenakutkan itu.”	“Masuklah,” kata kelawar itu. “Kegelapan tidaklah begitu menakutkan.”	قال الخفّاش: ”ادخل. الظلامُ ليس مخيفًا“.
boy.page.37	{NAME:P1} goes into the cave. The bat is right; it's not scary\nat all! The cave feels cool, too, unlike the hot weather outside.	Вомбат входит в пещеру. Летучая мышь права – внутри вовсе\nне страшно. В пещере прохладно в отличие от жары снаружи.	{NAME:P1} betritt die Höhle. Die Fledermaus hat recht;\nes ist überhaupt nicht gruselig! Die Höhle ist kühl, nicht so heiß wie draußen.	{NAME:P1} entre dans la grotte. La chauve-souris a raison,\nil n'a pas peur ! Il fait bien frais dans la grotte. Que c’est agréable !	{NAME:P1} entra nella caverna. Il pipistrello ha ragione: non c’è\nda aver paura! Nella caverna c’è un bel fresco, non fa caldo come fuori.	{NAME:P1} entra na caverna. O morcego tem razão; a caverna não é nada\nassustadora! E ela também é fresquinha, enquanto faz calor lá fora.	{NAME:P1} entra en la cueva. El murciélago tiene razón; ¡no da miedo!\nAdemás la cueva está fresca, a diferencia del calor que hace fuera.	{NAME:P1}​は​中⁠に​入り⁠まし⁠た。​コウモリ⁠の​言う​通り、​全然⁠こわく​あり​ま\nせ​ん⁠！⁠どう⁠くつ⁠の​中⁠は​暑い​外⁠より、​すずしく⁠て​気持ちいい⁠くらい⁠です。	{NAME:P1} masuk ke gua. Kelelawar benar; gua itu tidak menakutkan\nsedikit pun! Di dalam terasa dingin, tidak seperti di luar yang panas.	{NAME:P1} masuk ke dalam gua. Betul kata kelawar; tiada apa-apa\nyang menakutkan! Gua berasa sejuk, tidak panas seperti cuaca di luar.	دخل {NAME:P1} إلى الكهف. وبدا أنَّ الخفّاشَ مُحِقٌّ.\nفلم يكن الظَّلامُ مخيفًا! كما أنَّ الكهفَ باردٌ، على عكس الطّقس الحارِّ في الخارج.
boy.page.38	{NAME:P1} says goodbye to the bat and leaves the cave.	{NAME:P1} прощается с летучей мышью и покидает пещеру.	{NAME:P1} verabschiedet sich\nvon der Fledermaus und verlässt die Höhle.	{NAME:P1} dit au revoir à la chauve-souris et quitte la grotte.	{NAME:P1} saluta il pipistrello ed esce dalla caverna.	{NAME:P1} se despede do morcego e sai da caverna.	{NAME:P1} se despide del murciélago y se va de la cueva.	{NAME:P1}​は​コウモリ⁠と​別れ⁠て、\n​どう⁠くつ⁠を​出⁠て​行き⁠まし⁠た。	{NAME:P1} pamit ke si kelelawar dan keluar dari gua.	{NAME:P1} mengucapkan selamat tinggal\nkepada kelawar dan meninggalkan gua itu.	ودَّعْ {NAME:P1} الخفّاش وغادر الكهف.
boy.page.39	Outside, he meets a young animal.	Снаружи он встречает молодое животное.	Draußen trifft er ein Jungtier.	Dehors, il rencontre un jeune animal.	Fuori, incontra un cucciolo.	Do lado de fora, ele encontra um jovem animal.	Ya afuera se encuentra con un joven animal.	外⁠に​出る⁠と、​{NAME:P1}\nは​若い​動物⁠に​出会い⁠まし⁠た。	Di luar, dia bertemu dengan hewan yang berusia muda.	Di luar, dia menemui seekor haiwan yang masih kecil.	في الخارج، صادف حيوانًا صغيرًا.
boy.page.40	“You look like a dog,” the wombat says. “Who are you?”	«Ты похож на собаку, ‒ говорит вомбат. ‒ Кто ты?»	„Du siehst aus wie ein Hund“, sagt der Wombat. „Wer bist du?“	« Tu ressembles à un chien, lui dit le wombat. Qui es-tu ? »	«Sembri un cane», dice il wombat. «Chi sei?»	“Você se parece com um cachorro”, o vombate diz. “Quem é você?”	“Pareces un perro”, le dice el uómbat. “¿Quién eres?”	「君⁠は、​犬⁠さん⁠みたい⁠に​見える⁠ね」\n{NAME:P1}​は​言い⁠まし⁠た。​「君⁠は​誰​なん​だい⁠？」	“Kamu terlihat mirip anjing,” ujar si wombat. “Kamu siapa?”	“Kamu kelihatan seperti anjing,” kata wombat. “Siapakah kamu?”	قال الومبت: ”أنت تبدو مثل الكلب، من أنت؟“
boy.page.41	“I’m a dingo,” the animal says. “I’m looking for my parents.”	«Я – динго, ‒ отвечает животное. ‒ Я ищу моих родителей».	„Ich bin ein Dingo“, sagt das Tier. „Ich suche meine Eltern.“	« Je suis un dingo, dit l'animal. Je cherche mes parents. »	«Sono un dingo», risponde l’animale. «Sto cercando i miei genitori».	“Eu sou um dingo”, responde o animal. “Estou procurando pelos meus pais.”	“Soy un dingo”, le responde el animal. “Estoy buscando a mis padres”.	「僕⁠は​ディンゴ⁠という​動物⁠だ⁠よ」​その⁠動物⁠は​答え⁠まし⁠た。\n「お母さん⁠たち⁠を​探し​てる​ん⁠だ」	“Aku seekor dingo,” jawab hewan itu. “Aku sedang mencari orang tuaku.”	“Saya seekor dingo,” kata haiwan itu. “Saya sedang mencari ibu bapa saya.”	فأجاب: ”أنا الدَّنغو. وأنا أبحث عن والديَّ“.
boy.page.42	“I can help you find them,” says {NAME:P1}. “Hop on my back.”	«Давай, я помогу тебе найти их, ‒ говорит\n{NAME:P1}. ‒ Запрыгивай ко мне на спину».	„Ich kann dir helfen, sie zu finden“,\nsagt {NAME:P1}. „Hüpf auf meinen Rücken.“	« Je peux t’aider à les trouver,\ndit {NAME:P1}. Monte sur mon dos. »	«Posso aiutarti a trovarli», dice {NAME:P1}. «Salimi sulla schiena!»	“Eu posso ajudar você a encontrá-los”,\ndiz {NAME:P1}. “Suba nas minhas costas.”	“Yo te puedo ayudar a buscarlos”,\nle dice {NAME:P1}. “Súbete a mi espalda”.	「手伝っ⁠て​あげる⁠よ」​{NAME:P1}\nは​言い⁠まし⁠た。​「背中⁠に​乗っ⁠て」	“Aku bisa membantumu menemukan mereka,”\nkata {NAME:P1}. “Naiklah ke punggungku.”	“Saya boleh membantu kamu mencari mereka,” kata {NAME:P1}.\n“Lompatlah ke atas belakang saya.”	قال {NAME:P1}: ”يمكنني مساعدتك في العثور عليهما. اقفزْ على ظهري“.
boy.page.43	After a while, they find the young dingo’s mom and dad.	Спустя какое-то время они обнаруживают маму и папу динго.	Nach einer Weile findet er die Mutter\nund den Vater des jungen Dingos.	Au bout d'un moment, ils trouvent la mère et le père du jeune dingo.	Dopo un po’, trovano la mamma e il papà del piccolo dingo.	Depois de um tempo, eles encontram a mãe e o pai do jovem dingo.	Luego de un rato encuentran al padre y a la madre del joven dingo.	しばらく⁠する⁠と、​{NAME:P1}​たち⁠は、​若い​ディンゴ⁠の\nお父さん⁠と​お母さん⁠を​見つけ⁠まし⁠た。	Tak seberapa lama, mereka menemukan ayah dan ibu si dingo muda itu.	Selepas seketika, mereka menemui ibu bapa dingo yang masih kecil itu.	بعد قليلٍ، وجدا والديّ الدَّنغو الصغير،
boy.page.44	The family is now united again!	Семья теперь в сборе!	Die Familie ist jetzt wieder vereint!	La famille est à nouveau réunie !	La famiglia è di nuovo insieme!	Agora a família está novamente reunida!	¡La familia vuelve a reunirse!	やっと⁠家族⁠が​そろい⁠まし⁠た⁠！	Sekarang keluarga itu sudah bersatu kembali!	Keluarga itu kini bersatu semula!	والتمَّ شملُ العائلة مجددًا!
boy.page.45	“Family’s the most important thing in the world,” the dingo says.	«Семья – это самое главное!» ‒ говорит динго.	„Familie ist das Wichtigste im Leben“, sagt der Dingo.	« La famille est la chose la plus importante au monde, » dit le dingo.	«La famiglia è la cosa più importante del mondo», dice il dingo.	“A família é a coisa mais importante do mundo”, diz o dingo.	“La familia es lo más importante del mundo”, dice el dingo.	「家族⁠が​この世⁠で​一番​大切⁠な​モノ⁠さ」\n​若い​ディンゴ⁠は​言い⁠まし⁠た。	“Keluarga adalah hal terpenting di dunia,” kata dingo.	“Keluarga ialah perkara terpenting di dunia ini,” kata dingo itu.	قال الدّنغو: ”العائلة هي أهم شيء في العالم“.
boy.page.46	{NAME:P1} thinks of his own parents. “I’ve had a fun walk,\nbut now it’s time to go home to my own family. Goodbye, dingo.”	{NAME:P1} вспоминает о своих родителях. «Я замечательно\nпрогулялся, но теперь мне пора домой, к моей семье. Прощай, динго!»	{NAME:P1} denkt an seine Eltern. „Ich hatte Spaß heute, aber jetzt\nmuss ich nach Hause zu meiner eigenen Familie. Bis dann, Dingo.“	{NAME:P1} pense à ses propres parents. « J'ai fait une belle\npromenade, mais il est temps de retrouver ma propre famille. Au revoir. »	{NAME:P1} pensa ai suoi genitori. «È stata una bella passeggiata,\nma adesso è ora che torni a casa dalla mia famiglia. Ciao, dingo».	{NAME:P1} lembra dos seus próprios pais. “O passeio foi divertido,\nmas já é hora de voltar para casa e para a minha família. Tchau, dingo!”	{NAME:P1} piensa en sus padres. “He disfrutado un paseo\nmuy divertido, pero es hora de volver a casa con mi familia. Adiós, dingo”.	{NAME:P1}​は​自分⁠の​家族⁠の​こと⁠を​考え⁠まし⁠た。​「とても⁠楽しい\n散歩⁠だっ⁠た⁠なあ。​でも、​もう⁠帰る​時間⁠だ、​さようなら、​ディンゴ⁠！」	{NAME:P1} teringat orang tuanya sendiri. “Perjalananku cukup seru,\nkini saatnya pulang ke keluargaku sendiri. Selamat tinggal, dingo.”	{NAME:P1} memikirkan ibu bapanya. “Saya seronok bersiar-siar,\ntapi kini masanya untuk pulang bertemu keluarga. Selamat tinggal, dingo.”	فكّر {NAME:P1} في والديه، وقال: ”لقد استمتعت بالنزهة،\nلكن حان وقت عودتي إلى المنزل حيث أعيش مع عائلتي. وداعًا أيها الدّنغو“.
boy.page.47	{NAME:P1} arrives home. He tells his parents\nabout all the animals he met today.	{NAME:P1} возвращается домой. Он рассказывает родителям\nобо всех животных, которых повстречал на пути.	{NAME:P1} kommt zu Hause an. Er erzählt seinen Eltern\nvon all den Tieren, die er heute getroffen hat.	{NAME:P1} arrive enfin chez lui. Il raconte à ses parents\ntous les animaux qu'il a rencontrés aujourd'hui.	{NAME:P1} arriva a casa e parla ai suoi genitori\ndi tutti gli animali che ha incontrato.	{NAME:P1} chega em casa. Ele conta aos seus pais\nsobre todos os animais que encontrou hoje.	{NAME:P1} llega a casa. Les cuenta a sus padres\nsobre todos los animales que ha conocido hoy.	{NAME:P1}​は​家⁠に​着き⁠まし⁠た。​お父さん⁠と​お母さん⁠に、\n散歩⁠中⁠に​会っ⁠た​みんな⁠の​話⁠を​し⁠まし⁠た。	{NAME:P1} pun tiba di rumah. Dia memberi tahu orang\ntuanya tentang semua hewan yang dia temui hari ini.	{NAME:P1} tiba di rumah. Dia memberitahu ibu bapanya\nmengenai semua haiwan yang ditemuinya hari ini.	وصل {NAME:P1} إلى المنزل، وأخبر والديه عن جميع الحيوانات التي قابلها.
boy.page.48	“Why did you give them a ride?” his dad asks.	«Почему ты подвозил их?» ‒ спрашивает его отец.	„Warum hast du sie alle auf deinem\nRücken mitgenommen?“, fragt sein Papa.	« Pourquoi les as-tu portés ? » lui demande son père.	«Perché hai dato loro un passaggio?» gli chiede suo padre.	“Por que você deu uma carona para eles?”, pergunta seu pai.	“¿Por qué los has llevado?” le pregunta su padre.	「なん⁠で​おぶっ⁠て、​送っ⁠て​あげ⁠た​ん​だい⁠？」\n​お父さん⁠は​聞き⁠まし⁠た。	“Mengapa kamu memberi mereka tumpangan?” tanya ayahnya.	“Kenapakah kamu sudi menumpangkan mereka?” ayahnya bertanya.	سأله والده: ”لماذا أوصلتهم على ظهرك؟“
boy.page.49	“Because you can always learn something\nfrom everyone,” the wombat says.	«Потому что каждый может рассказать\nчто-нибудь интересное», ‒ отвечает вомбат.	„Weil man von jedem etwas anderes lernen kann“, sagt der Wombat.	« Parce qu'on a toujours quelque chose\nà apprendre des autres, » lui répond {NAME:P1}.	«Perché si può sempre imparare qualcosa da tutti», risponde il wombat.	“Porque a gente sempre pode aprender alguma\ncoisa nova com todo mundo”, diz o vombate.	“Porque siempre se puede aprender\nalgo de todo el mundo”, responde el uómbat.	「だって、​みんな⁠から、​何⁠か​いろんな⁠こと⁠を​学ぶ​こと⁠が\nできる​ん⁠だ⁠よ⁠！」​{NAME:P1}​は​言い⁠まし⁠た。	“Karena kita selalu bisa mempelajari sesuatu\nyang baru dari semua orang,” ujar si wombat.	“Sebab kita sentiasa dapat belajar sesuatu daripada setiap orang,” kata wombat.	فأجاب الومبت: ”لأنّ بوسع الجميع تعليمي أشياء جديدة“.
boy.page.50	{NAME:P1} falls asleep under his favorite tree.\nHe had a great day. Tomorrow, he wants to go for another walk.	{NAME:P1} засыпает под своим любимым деревом. У него был\nзамечательный день. А завтра он хочет отправиться в новое путешествие.	{NAME:P1} schläft unter seinem Lieblingsbaum ein. Er hatte\neinen tollen Tag. Morgen möchte er einen weiteren Spaziergang machen.	Il s'endort sous son arbre préféré. Il a passé une bonne journée.\nDemain, il compte aller faire une autre promenade.	{NAME:P1} si addormenta sotto il suo albero preferito.\nÈ stata una giornata fantastica. Domani farà un’altra passeggiata.	{NAME:P1} adormece debaixo de sua árvore favorita.\nEle teve um ótimo dia. Amanhã ele quer dar outro passeio.	{NAME:P1} se queda dormido bajo su árbol favorito.\nHa tenido un día estupendo. Mañana irá a pasear otra vez.	{NAME:P1}​は、​お気に入り⁠の​木の下⁠で​眠り⁠に​つき⁠まし⁠た。​とっても⁠いい\n日⁠を​過ごし⁠た​{NAME:P1}​は、​明日⁠も​また、​散歩⁠に​出かける​つもり⁠です。	{NAME:P1} tertidur di bawah pohon kesukaannya.\nHari ini terasa menyenangkan untuknya. Besok, dia ingin berjalan-jalan lagi.	{NAME:P1} tertidur di bawah pohon kegemarannya.\nDia telah melalui hari yang hebat. Esok, dia mahu pergi bersiar-siar lagi.	غفا {NAME:P1} تحت شجرته المفضلة. لقد كان يومه رائعًا.\nوكان يريد أن يذهب في نزهة أخرى غدًا.
girl.description	One day, a curious wombat goes for a walk. Along the way,\nthey meet strange animals with important life lessons.\nFind out what each animal teaches the wombat in this wild\nand wacky adventure!	Однажды любопытный вомбат вышел на прогулку.\nПо пути ему встретились незнакомые звери, которые\nпреподали ему большие жизненные уроки. Давайте\nпосмотрим, чему же они научили вомбата.	Eines Tages geht ein neugieriger Wombat spazieren.\nAuf dem Weg trifft er merkwürdige Tiere,\ndie Lebensweisheiten erzählen. Finde in diesem verrückten\nAbenteuer heraus, was jedes Tier dem Wombat beibringt.	Lors d'une promenade, un wombat curieux rencontre\nd'étranges animaux qui lui donnent d'importantes leçons\nde vie. Découvrez ce que chaque animal lui apprend dans\ncette aventure sauvage et farfelue !	Una wombat curiosa va a fare una passeggiata e incontra\nstrani animali che le danno importanti lezioni di vita.\nScopri quello che impara la piccola wombat in questa\navventura selvaggia e divertente!	Certo dia, uma vombate curiosa sai para um passeio. No\ncaminho, ela encontra estranhos animais com importantes\nlições de vida. Descubra o que cada animal ensina\nà vombate nessa aventura selvagem e maluca!	Cierto día, una uómbat curiosa salió de paseo. En su camino\nencuentra extraños animales junto con valiosas lecciones\nde vida. ¡Averigua qué le enseña cada animal a la uómbat\nen esta aventura salvaje y estrafalaria!	ある日、知りたがり屋のウォンバットは散歩に出かけ、変わった動物達に出会い、様々なことを学びます。動物達が何を教えてくれるか、この不思議な冒険から見つけよう！	Suatu hari, seekor wombat yang serba ingin tahu berjalan-jalan. Di jalan dia bertemu hewan-hewan aneh dengan pelajaran hidup penting. Cari tahu apa yang mereka ajarkan ke si wombat di petualangan seru ini!	Suatu hari, wombat yang ingin tahu pergi bersiar-siar. Di jalanan, dia bertemu haiwan ganjil yang mengajar hal penting dalam hidup. Ketahui apa yang dipelajari wombat ini dalam kembara yang liar dan aneh! 	في يومٍ من الأيام، قررت الومبت الفضولية الذهاب في نزهة في الغابة. صادفت في طريقها حيواناتٍ غريبةٍ وتعلّمت دروسًا مهمةً. دعونا لنكتشف معًا ما علَّمه كل حيوان للومبت في هذه المغامرة المثيرة!
girl.description.iphone	One day, a curious wombat goes for a walk. Along the way, they meet\nstrange animals with important life lessons. Find out what each animal\nteaches the wombat in this wild and wacky adventure!	Однажды любопытный вомбат вышел на прогулку. По пути ему\nвстретились незнакомые звери, которые преподали ему большие\nжизненные уроки. Давайте посмотрим, чему же они научили вомбата.	Eines Tages geht ein neugieriger Wombat spazieren. Auf dem Weg trifft\ner merkwürdige Tiere, die Lebensweisheiten erzählen. Finde in diesem\nverrückten Abenteuer heraus, was jedes Tier dem Wombat beibringt.	Lors d'une promenade, un wombat curieux rencontre d'étranges animaux\nqui lui donnent d'importantes leçons de vie. Découvrez ce que chaque\nanimal lui apprend dans cette aventure sauvage et farfelue !	Una wombat curiosa va a fare una passeggiata e incontra strani animali\nche le danno importanti lezioni di vita. Scopri quello che impara\nla piccola wombat in questa avventura selvaggia e divertente!	Certo dia, uma vombate curiosa sai para um passeio. No caminho, ela\nencontra estranhos animais com importantes lições de vida. Descubra o\nque cada animal ensina à vombate nessa aventura selvagem e maluca!	Cierto día, una uómbat curiosa salió de paseo. En su camino encuentra\nextraños animales junto con valiosas lecciones de vida. ¡Averigua qué\nle enseña cada animal a la uómbat en esta aventura salvaje y estrafalaria!	ある日、知りたがり屋のウォンバットは散歩に出かけ、変わった動物達に出会い、様々なことを学びます。動物達が何を教えてくれるか、この不思議な冒険から見つけよう！	Suatu hari, seekor wombat yang serba ingin tahu berjalan-jalan. Di jalan dia bertemu hewan-hewan aneh dengan pelajaran hidup penting. Cari tahu apa yang mereka ajarkan ke si wombat di petualangan seru ini!	Suatu hari, wombat yang ingin tahu pergi bersiar-siar. Di jalanan, dia bertemu haiwan ganjil yang mengajar hal penting dalam hidup. Ketahui apa yang dipelajari wombat ini dalam kembara yang liar dan aneh! 	في يومٍ من الأيام، قررت الومبت الفضولية الذهاب في نزهة في الغابة. صادفت في طريقها حيواناتٍ غريبةٍ وتعلّمت دروسًا مهمةً. دعونا لنكتشف معًا ما علَّمه كل حيوان للومبت في هذه المغامرة المثيرة!
girl.page.1	Somewhere in a dry, beautiful country,\na cute wombat snores in the shade of a tree with her family.	Где-то в жаркой, красивой стране, в тени деревьев\nлежит миленькая девочка-вомбат вместе со своей семьёй.	Irgendwo in einem trockenen, aber schönen Land schnarcht\nein kuscheliger Wombat mit seiner Familie im Schatten eines Baumes.	Quelque part dans un beau pays sec,\nun wombat ronfle à l'ombre d'un arbre avec sa famille.	In un angolo di un paese bello e arido,\nuna graziosa wombat dorme sotto un albero con la sua famiglia.	Em algum lugar de um país belo e quente,\numa vombate fofinha ronca à sombra de uma árvore com a sua família.	En algún lugar de un hermoso y árido país,\nuna peluda uómbat ronca a la sombra de un árbol junto a su familia.	ある⁠かわい⁠た​美しい​国⁠で、​フワフワ⁠の​ウォン​バット\n家族⁠が、​木かげ⁠で​お⁠昼寝⁠を​し⁠て​い⁠まし⁠た。	Alkisah, di suatu negeri yang kering dan indah, seekor wombat berbulu\ntebal sedang mendengkur di bawah pohon teduh bersama keluarganya.	Di suatu tempat di dalam sebuah negara yang kering tetapi indah,\nseekor wombat yang gebu berdengkur di bawah teduhan pohon bersama keluarganya.	في مكانٍ ما في بلدٍ قاحلٍ وجميلٍ،\nكانت الومبت لطيفة نائمة في ظلّ شجرة مع عائلتها.
girl.page.2	Her name is {NAME:P1}. She’s young and curious.	Её зовут {NAME:P1}. Она молода и любопытна.	Ihr Name ist {NAME:P1}. Sie ist sehr jung und auch sehr neugierig.	Elle s'appelle {NAME:P1}. Elle est jeune et curieuse.	È giovane e curiosa, e si chiama {NAME:P1}.	O nome dela é {NAME:P1}. Ela é jovem e curiosa.	Su nombre es {NAME:P1}. Es joven y curiosa.	彼女⁠の​名前⁠は​{NAME:P1}​です。​{NAME:P1}​は​若く⁠て、\n色々⁠な​こと⁠に​興味津々⁠です。	Namanya {NAME:P1}. Dia masih muda dan serba ingin tahu.	Namanya {NAME:P1}. Dia masih kecil dan berasa ingin tahu.	كان اسمها {NAME:P1}. وكانت يافعةً وفضوليةً.
girl.page.3	“The weather is nice today,” the wombat says.\n{NAME:P1} asks her mom and dad if she can go for a walk.	«Погода сегодня прекрасная», ‒ говорит {NAME:P1}.\nОна просит разрешения у родителей пойти погулять.	„Das Wetter heute ist so gut“, sagt der Wombat. {NAME:P1} fragt\nihre Mama und ihren Papa, ob sie spazieren gehen darf.	« Il fait beau aujourd'hui, » dit-elle. {NAME:P1} demande\nà sa mère et à son père s'il peut aller faire une promenade.	«È una bella giornata», dice {NAME:P1},\ne poi chiede a mamma e papà il permesso di fare una passeggiata.	“O tempo está ótimo hoje”, diz a vombate. Então {NAME:P1}\npergunta aos seus pais se ela pode sair para um passeio.	“Qué buen tiempo hace hoy”, comenta la uómbat.\n{NAME:P1} pide permiso a su madre para dar un paseo.	「今日⁠は⁠なんて​いい​天気⁠な​の」​{NAME:P1}​は​言い⁠まし⁠た。\n{NAME:P1}​は​お母さん⁠と​お父さん⁠に​お⁠散歩⁠に​行っ⁠て​いい⁠か​聞き⁠まし⁠た。	“Hari ini cuacanya bagus,” ujar si wombat.\n{NAME:P1} lalu bertanya pada ibu dan ayahnya apakah dia boleh berjalan-jalan.	“Cuaca hari ini baik,” kata wombat itu.\n{NAME:P1} bertanya ibu dan ayah jika dia boleh pergi bersiar-siar.	قالت الومبت: ”الطّقسُ جميلٌ اليوم“.\nثم استأذنت {NAME:P1} أمّها وأباها للسّماحِ لها بالذّهاب في نزهة.
girl.page.4	“Only if you don’t go too far,” her parents say in unison.	«Главное, не уходи слишком далеко», ‒ наказывают ей родители.	„Aber nur, wenn du nicht zu weit gehst“, sagen ihre Eltern einstimmig.	« D’accord, mais ne t’éloigne pas trop, » répondent ses parents en chœur.	«Ma non andare troppo lontano», dicono in coro i suoi genitori.	“Só se você não for muito longe”, seus pais respondem ao mesmo tempo.	“Sólo si no te alejas mucho”, le responden sus padres al unísono.	「遠く⁠まで​行か⁠ない⁠なら、​行っ⁠て​おい⁠で」\nお母さん⁠と​お父さん⁠は​声⁠を​そろえ⁠て​言い⁠まし⁠た。	“Boleh, asal jangan terlalu jauh,” kedua orang tuanya serentak menjawab.	“Hanya jika kamu tidak pergi terlalu jauh,” kata ibu bapanya serentak.	أجاب والداها معًا: ”يمكنكِ الذّهابُ، لكن لا تبتعدي كثيرًا“.
girl.page.5	The wombat is happy and starts skipping.	Девочка счастлива. Она отправляется в путешествие.	Der Wombat ist glücklich und macht sich hüpfend auf den Weg.	{NAME:P1} est heureuse et part en sautillant.	La wombat è felice e se ne va saltellando.	A vombate fica feliz e começa a pular.	La uómbat da brincos de alegría.	うれしく⁠て​スキップ⁠で​出かけ⁠まし⁠た。	Sang wombat pun senang dan melompat-lompat kegirangan.	Wombat berasa gembira dan mula meloncat.	شعرت الومبت بالسّعادة وبدأت تقفزُ فَرِحَةً.
girl.page.6	{NAME:P1} passes a tree that smells nice.\nShe stops. There’s a strange, gray animal on a branch.	{NAME:P1} минует дерево, которое пахнет так вкусно!\nОна останавливается. На ветке дерева сидит странное серое существо.	{NAME:P1} kommt an einem Baum vorbei, der köstlich duftet.\nSie hält an. Ein merkwürdiges graues Tier sitzt auf dem Ast.	Elle passe devant un arbre qui sent très bon. Elle s'arrête.\nUn étrange animal gris est accroché à une branche.	{NAME:P1} passa davanti a un albero che ha un buon profumo.\nSi ferma. C’è uno strano animale grigio su un ramo.	{NAME:P1} passa por uma árvore que parece ter um cheiro bom.\nEla para e observa um estranho animal cinza em cima de um galho.	{NAME:P1} pasa al lado de un árbol que huele bien.\nSe detiene. Hay un extraño animal gris sobre una rama.	{NAME:P1}​は​いい​匂い⁠の​する​木⁠の​横⁠を​通り過ぎ⁠まし⁠た。​{NAME:P1}​は​立ち\n止まる​と、​見なれ⁠ない​グレー⁠の​動物⁠が​枝⁠の​上⁠に​いる​の⁠を​見つけ⁠まし⁠た。	{NAME:P1} melewati sebuah pohon yang tercium wangi. Dia pun berhenti.\nAda seekor hewan berwarna abu-abu yang aneh di dahan pohon itu.	{NAME:P1} melepasi sebatang pohon yang berbau wangi.\nDia berhenti. Ada haiwan ganjil berwarna kelabu pada dahannya.	مرّتْ {NAME:P1} بشجرةٍ تنبعث منها رائحةٌ لطيفةٌ،\nفتوقّفت ووجدت حيوانًا رماديًا غريبًا على أحد الأغصان.
girl.page.7	“Who are you?” the wombat asks.	«Кто ты?» ‒ спрашивает девочка-вомбат.	„Wer bist du?“, fragt der Wombat.	« Qui es-tu ? » demande le wombat.	«Tu chi sei?», chiede la wombat.	“Quem é você?”, pergunta a vombate.	“¿Quién eres?” pregunta la uómbat.	「あなた⁠は⁠だ⁠あれ⁠？」\n​{NAME:P1}​は​聞き⁠まし⁠た。	“Siapa kamu?” tanya si wombat.	“Siapa kamu?” tanya wombat.	سألت الومبت: ”من أنت؟“
girl.page.8	“I’m a koala,” the animal says. “I eat leaves,\nbut I’ve gobbled up almost every single one on this tree.”	«Я – коала, ‒ отвечает существо. ‒ Я ем листья.\nНо на этом дереве я съела почти всё».	„Ich bin ein Koala“, sagt das Tier. „Ich fresse Blätter, aber ich habe\nschon fast jedes einzelne Blatt an diesem Baum abgeknabbert.“	« Je suis un koala, dit l'animal. Je mange des feuilles,\nmais j'ai englouti presque toutes celles de cet arbre. »	«Sono un koala», risponde l’animale. «Mangio foglie,\nma mi sono pappato quasi tutte quelle che erano sull’albero».	“Eu sou um coala”, o animal responde. “Eu como folhas,\nmas já comi quase todas as folhas desta árvore.”	“Soy un koala”, contesta el animal.\n“Como hojas pero he engullido casi todas las de este árbol”.	「私⁠は​コアラ⁠だ⁠よ」​グレー⁠の​動物⁠は​言い⁠まし⁠た。​「私⁠は​葉っぱ⁠を\n食べる​ん⁠だ⁠けど、​この⁠木⁠の​葉っぱ⁠を、​食べ​つくし⁠て​しまっ⁠た​ん⁠だ」	“Aku seekor koala,” ujar hewan itu. “Makananku dedaunan,\ntetapi aku sudah melahap hampir semua daun di pohon ini.”	“Saya koala,” kata haiwan itu. “Saya makan daun, tapi saya sudah\nmakan hampir setiap helai daun pada pohon ini dengan lahapnya.”	فأجاب الحيوان: ”أنا كوالا، أنا آكل أوراقَ الشّجر،\nلكنني التهمتُ كُلَّ أوراق هذه الشّجرة تقريبًا“.
girl.page.9	The koala sighs. “I walk too slowly to reach another good tree today.”	Коала опечалена. «Я так медленно хожу,\nчто не успею добраться до нового дерева сегодня».	Der Koala seufzt. „Ich krabbele zu langsam,\num heute noch einen weiteren guten Baum zu erreichen.“	Le koala soupire. « Je rampe trop lentement\npour atteindre un autre arbre aujourd'hui. »	Il koala sospira. «Sono troppo lento per raggiungere un altro albero oggi».	O coala suspira. “Eu ando muito devagar\ne não devo conseguir chegar até uma outra árvore boa por hoje.”	El koala suspira. “Me muevo muy lentamente\ncomo para poder llegar hoy hasta otro árbol”.	コアラ⁠は​ため息⁠を​つき⁠まし⁠た。​「私⁠は​歩く​の⁠が​おそ​すぎる⁠から、\n今日⁠は​もう⁠他⁠の​木⁠に​たどり着く​の⁠は​ムリ⁠だ⁠よ」	Sang koala mengeluh. “Aku terlalu pelan merangkak\nuntuk menjangkau pohon bagus lainnya hari ini.”	Koala itu mengeluh. “Saya merangkak terlalu perlahan\nuntuk sampai ke sebatang pohon lain hari ini.”	تنهّد الكوالا وتابع كلامه قائلاً: ”وها أنا أتحرَّكُ\nببطءٍ شديدٍ لأَصِلَ إلى شجرةٍ جيّدةٍ أخرى اليوم“.
girl.page.10	{NAME:P1} has an idea! “I can bring you\nto a good tree. Just hop on my back!”	У {NAME:P2} появляется идея: «Давай, я отнесу тебя\nк хорошему дереву. Запрыгивай ко мне на спину!»	{NAME:P1} hat eine Idee! „Ich kann dich zu einem\nguten Baum bringen. Hüpf einfach auf meinen Rücken!“	{NAME:P1} a une idée ! « Je peux t'amener à un arbre.\nTu n’as qu’à sauter sur mon dos ! »	{NAME:P1} ha un’idea: «Posso portarti io. Salta sulla mia schiena!»	{NAME:P1} tem uma ideia! “Eu posso levar você\naté uma boa árvore. É só você subir nas minhas costas!”	¡{NAME:P1} tiene una idea!\n“Te puedo llevar hasta un buen árbol. ¡Súbete a mi espalda!”	{NAME:P1}​は、​ひらめき⁠まし⁠た⁠！​\n「私⁠の​背中⁠に​乗り⁠な⁠よ⁠！」	{NAME:P1} punya ide! “Aku bisa mengantarmu ke pohon\nyang bagus. Naik saja ke punggungku!”	{NAME:P1} ada satu idea! “Saya boleh membawa kamu ke pohon\nyang elok. Lompatlah ke atas belakang saya!”	خطرت {NAME:P1} فكرةً! ”يمكنني أن آخذكَ إلى شجرةٍ\nمليئةٍ بالأوراق. اقفزْ على ظهري لنذهبَ إليها!“
girl.page.11	The koala climbs on the wombat’s back.\nTogether, they walk until the koala sees a tree he likes.	Коала забирается на спину вомбата, и они идут вместе,\nпока коала не замечает дерево, которое ей нравится.	Der Koala klettert auf den Rücken des Wombats. Gemeinsam\nlaufen sie weiter, bis der Koala einen Baum sieht, der ihm gefällt.	Le koala grimpe sur le dos du wombat. Ensemble,\nils marchent jusqu'à ce que le koala voit un arbre qui lui plait.	Il koala si arrampica sulla schiena della wombat. Camminano insieme\nfinché il koala non trova un altro albero che gli piace.	O coala sobe nas costas da vombate.\nEles caminham juntos até que o coala vê uma árvore do seu gosto.	El koala se trepa a la espalda de la uómbat.\nCaminan juntos hasta que el koala divisa un árbol que le gusta.	コアラ⁠は​ウォン​バット⁠の​背中⁠の​上⁠に​乗り、\nコアラ⁠が​気に入る​木⁠が​見つかる⁠まで​歩き⁠まし⁠た。	Koala pun naik ke punggung wombat. Mereka bersama-sama\nberjalan sampai si koala melihat pohon yang dia sukai.	Koala itu pun memanjat belakang wombat. Mereka pun berjalan\nbersama-sama sehingga koala itu nampak pohon yang disukainya.	تسلّقَ الكوالا على ظهرِ الومبت. وسارا حتى رأى الكوالا شجرةً تعجبُهُ.
girl.page.12	There’s only one problem.\nBetween them and the tree, there’s a small river.	Однако есть одна проблема: между ними\nи деревом пролегает небольшая речка.	Es gibt nur ein Problem. Zwischen ihnen\nund dem Baum fließt ein kleiner Bach.	Mais il y a un problème. Entre eux et l'arbre, coule une petite rivière.	C’è solo un problema. Tra loro e l’albero, scorre un fiumiciattolo.	Só tem um probleminha. Entre eles e a árvore, há um pequeno riacho.	Sólo hay un problema. Entre ellos y el árbol hay un riachuelo.	しかし、​そこ⁠に⁠は​ある​問題⁠が​あり⁠まし⁠た。​{NAME:P1}​たち⁠が\n目指す​木⁠は、​川⁠の​向こう⁠側⁠に​あっ⁠た​の⁠です。	Hanya ada satu masalah. Ada sungai kecil\nyang menghalangi mereka berdua dan pohon itu.	Namun ada satu masalah. Di antara mereka\ndan pohon itu, ada sebatang sungai kecil.	لكنْ كانت هناك مشكلة، إذ يفصلُ بينهم وبين الشّجرةِ نهرٌ صغير.
girl.page.13	“I can’t swim,” {NAME:P1} says.	«Я не умею плавать», ‒ говорит {NAME:P1}.	„Ich kann nicht schwimmen“, sagt {NAME:P1}.	« Je ne sais pas nager, » dit {NAME:P1}.	«Non so nuotare», dice {NAME:P1}.	“Eu não sei nadar”, diz {NAME:P1}.	“Yo no sé nadar”, se lamenta {NAME:P1}.	「私、​泳げ⁠ない⁠の」\n​{NAME:P1}​は​言い⁠まし⁠た。	“Aku tidak bisa berenang,” kata {NAME:P1}.	“Saya tidak pandai berenang,” {NAME:P1} berkata.	قالت {NAME:P1}: ”لا أستطيعُ السباحة“.
girl.page.14	“But I can!” the koala says.	«А я умею!» ‒ отвечает коала.	„Aber ich kann schwimmen“, sagt der Koala.	« Mais moi si ! » dit le koala.	«Ma io sì!», dice il koala.	“Mas eu sei!”, o coala diz.	“¡Pero yo sí!” replica el koala.	「でも⁠私⁠は​泳げる⁠！」​コアラ⁠は​言い⁠まし⁠た。	“Tapi aku bisa!” kata si koala.	“Tapi saya pandai!” kata koala itu.	أجابَ الكوالا: ”لكنني أستطيع!“
girl.page.15	He jumps off the wombat’s back. The koala crosses the river.	Она спрыгивает со спины вомбата и переплывает реку.	Er springt vom Rücken des Wombats ab.\nDer Koala überquert den Bach.	Il saute du dos d’{NAME:P1} et traverse la rivière.	Il koala salta giù dalla schiena della wombat e attraversa il fiume.	O coala pula das costas da vombate e atravessa o riacho.	Salta de la espalda de la uómbat. El koala cruza el río.	コアラ⁠は​ウォン​バット⁠の​背中⁠から​飛び​おりる⁠と、\n向こう岸⁠まで​泳い⁠で​いき⁠まし⁠た。	Koala meloncat turun dari punggung wombat.\nSi koala pun menyeberangi sungai.	Koala melompat turun dari belakang wombat. Dia menyeberangi sungai itu.	قفزَ الكوالا عن ظهرِ الومبت، وعبرَ النّهر.
girl.page.16	He climbs into his new tree\nand swings from branch to branch. He’s happy.	Коала забирается на новое дерево. Она счастлива.	Er klettert auf seinen neuen Baum\nund schwingt sich von Ast zu Ast. Er ist glücklich!	Il grimpe dans son nouvel arbre\net se balance de branche en branche. Il est ravi !	Si arrampica sul suo nuovo albero e si dondola tra i rami. Com’è felice!	Ele sobe em sua nova árvore\ne vai passando de galho em galho. Ele está feliz!	Trepa a su nuevo árbol y se hamaca de rama en rama. ¡Está contento!	コアラ⁠は​新しい​木⁠に​さっそく⁠よじ登る⁠と、\n枝⁠から​枝⁠へ⁠と​行っ⁠たり​来⁠たり、​大⁠よろこび⁠です⁠！	Dia memanjat pohon yang baru dia temukan,\nlalu berayun-ayun dari satu dahan ke dahan lainnya. Senangnya dia!	Dia memanjat pohon baharunya\ndan berayun dari dahan ke dahan. Dia gembira!	ثمَّ صعدَ إلى شجرته الجديدة وبدأ يتأرجح من غصنٍ إلى غصنٍ. وكان سعيدًا جدًّا!
girl.page.17	“Although I’m not fast on the ground, I’m a great swimmer,”\nthe koala says. “Everybody's good at something.”	«Хоть я и не умею быстро передвигаться по земле, зато я\nпрекрасно плаваю, ‒ говорит коала. ‒ Каждый хорош в чём-нибудь».	„Obwohl ich zu Fuß nicht so schnell bin, bin ich ein toller Schwimmer“,\nsagt der Koala. „Jeder hat etwas, das er gut kann.“	« Bien que je ne sois pas rapide à terre, je suis un excellent nageur,\ndit le koala. Tout le monde est bon à quelque chose. »	«Anche se non sono veloce a camminare, sono un grande nuotatore»,\ndice il koala. «Tutti sono bravi in qualcosa».	“Embora eu não seja rápido no chão, eu sou um ótimo nadador”,\ndiz o coala. “Todo mundo é bom em alguma coisa.”	“Aunque no soy rápido por el suelo, soy un buen nadador”,\ndice el koala. “Todo el mundo es bueno en algo”.	「私⁠は、​地面⁠の​上⁠で⁠は​おそい⁠けれど、​泳ぎ⁠なら​速い​ん⁠だ⁠！」\nコアラ⁠は​言い⁠まし⁠た。​「誰⁠に⁠だって​何⁠か​得意⁠な​こと⁠が​ある⁠よ」	“Gerakanku memang tidak cepat kalau di darat, tapi aku jago berenang,”\nujar sang koala. “Setiap orang pintar di bidangnya masing-masing.”	“Walaupun saya tidak bergerak pantas di tanah, saya perenang yang hebat,”\nkata koala. “Setiap orang ada bakat masing-masing.”	قال الكوالا: ”رغم أنّني لستُ سريعًا على الأرض،\nإلا أنّني سباحٌ بارعٌ. فكلٌّ منّا يَبرُعُ في أمرٍ ما“.
girl.page.18	{NAME:P1} says goodbye\nto the koala and continues her walk.	{NAME:P1} прощается с коалой и продолжает свой путь.	{NAME:P1} verabschiedet sich von dem Koala\nund fährt fort mit ihrem Spaziergang.	{NAME:P1} dit au revoir au koala et poursuit sa marche.	{NAME:P1} saluta il koala e prosegue la sua passeggiata.	{NAME:P1} se despede do coala e continua o seu passeio.	{NAME:P1} se despide del koala y sigue su paseo.	{NAME:P1}​は​コアラ⁠に​さよなら⁠と\n言っ⁠て、​散歩⁠を​続け⁠ます。	{NAME:P1} pamit pada si koala dan melanjutkan perjalanannya.	{NAME:P1} mengucapkan selamat jalan kepada koala\ndan meneruskan perjalanannya.	ودّعت {NAME:P1} الكوالا وواصلت سيرها.
girl.page.19	She stops when she sees a strange, pointy plant.\n“What's this?” the wombat wonders.	Она останавливается, увидев странное острое растение.\n«Что это?» ‒ интересуется девочка-вомбат.	Sie hält inne, als sie eine merkwürdige spitze Pflanze sieht.\n„Was ist das?“, fragt der Wombat.	Elle s'arrête devant une plante étrange et pointue.\n« Qu'est-ce que c'est ? » dit le wombat.	A un certo punto vede una strana pianta appuntita, e si ferma.\n«Che cos’è?», si chiede la wombat.	Ao ver uma planta estranha e espinhosa, ela faz uma pausa.\n“O que é isso?”, pergunta o vombate.	Se detiene al ver una extraña planta puntiaguda.\n“¿Esto qué es?” se pregunta la uómbat.	{NAME:P1}​は、​変⁠な​トゲトゲし⁠た​植物⁠を​見つけ⁠て​立ち止まり⁠まし⁠た。\n「これ⁠は​一体⁠何⁠？」​{NAME:P1}​は​言い⁠まし⁠た。	Dia berhenti ketika dia melihat tanaman yang aneh\ndan bentuknya runcing. “Apa ini?” ujar si wombat.	Dia berhenti apabila melihat pohon yang ganjil\ndan tajam. “Apakah ini?” kata wombat.	توقّفت الومبت حين رأت نباتًا غريبًا شائكًا، فتساءلت: ”ما هذا؟“
girl.page.20	The plant moves. It’s not a plant!\nIt’s a strange animal {NAME:P1} has never seen before.	Растение передвигается. И это не растение! Это странное животное,\nкоторое {NAME:P1} никогда раньше не встречала.	Die Pflanze bewegt sich. Es ist gar keine Pflanze! Es ist ein\nmerkwürdiges Tier, das {NAME:P1} noch nie zuvor gesehen hat.	La plante se met à bouger. Ce n'est pas une plante !\nC'est un animal étrange qu’{NAME:P1} n'a jamais vu auparavant.	La pianta si muove. Non è una pianta!\nÈ uno strano animale che {NAME:P1} non ha mai visto prima.	A planta se move. Ah, não é uma planta! É um animal estranho\nque {NAME:P1} nunca tinha visto antes.	La planta se mueve. ¡No es una planta!\nSe trata de un extraño animal que {NAME:P1} nunca había visto.	その⁠植物⁠は​動き⁠まし⁠た。​植物⁠で⁠は​あり⁠ませ⁠ん⁠！\nこれ⁠は​{NAME:P1}​が​見⁠た​こと⁠も​ない​変⁠な​動物⁠だっ⁠た​の⁠です。	Tanaman itu bergerak. Ternyata itu bukan tanaman!\nItu hewan aneh yang belum pernah dilihat oleh {NAME:P1} sebelumnya.	Pohon itu bergerak. Rupa-rupanya ia bukan pohon!\nIa haiwan ganjil yang tidak pernah dilihat {NAME:P1} sebelum ini.	بدأ النبات يتحرّك. يا للهول، إنّه ليس نباتًا!\nإنّه حيوانٌ غريبٌ لم تره {NAME:P1} من قبل.
girl.page.21	“Who are you?” she asks the animal.	«Кто ты?» ‒ спрашивает {NAME:P1}.	„Wer bist du?“, fragt sie das Tier.	« Qui es-tu ? » demande-t-elle à l'animal.	«E tu chi sei?», chiede la wombat all’animale.	“Quem é você?”, ela pergunta ao animal.	“¿Quién eres?” le pregunta al animal.	「あなた、​だ⁠あれ⁠？」\n​{NAME:P1}​は​聞き⁠まし⁠た。	“Siapa kamu?” dia bertanya kepada hewan itu.	“Siapakah kamu?” dia bertanya haiwan itu.	سألته {NAME:P1}: ”من أنت؟“
girl.page.22	“I’m an echidna,” the animal says.\nShe shakes her spikes. They look dangerous.	«Я – ехидна», ‒ отвечает животное, покачивая\nсвоими колючками, которые выглядят довольно опасно.	„Ich bin ein Ameisenigel“, sagt das Tier. Sie schüttelt\nihre spitzen Stacheln. Die sehen ganz schön gefährlich aus.	« Je suis un échidné, » dit l'animal en secouant\nses piquants qui ont l'air bien dangereux.	«Sono un’echidna», risponde l’animale,\nscuotendo gli aculei, che sembrano davvero pericolosi.	“Eu sou uma equidna, prima do ornitorrinco!”, o animal diz.\nEla sacode seus espinhos. Eles parecem perigosos.	“Soy un equidna”, le contesta el animal.\nY zarandea sus púas. Parecen peligrosas.	「私⁠は​ハリ​モグラ」​変⁠な​動物⁠は​言い⁠まし⁠た。​ハリ​モグラ⁠は​体⁠の​ハリ⁠を\nブルブル⁠さ⁠せ⁠まし⁠た。​とても⁠キケン⁠に​見え⁠ます。	“Aku seekor landak semut,” kata si hewan.\nDia menggoyangkan duri-durinya. Duri-duri itu terlihat berbahaya.	“Saya ekidna,” kata haiwan itu. Dia menggoyangkan bulu kasarnya\nyang seperti pepaku. Bulu itu kelihatan berbahaya.	قال الحيوان: ”أنا قنفذُ النَّمل“. ثم بدأ يهزُّ أشواكه. وكان يبدو خطيرًا.
girl.page.23	“I saw that you brought the koala to another tree,” the echidna says.\n“I’m tired. Can you please give me a ride on your back?”	«Я видела, как ты несла коалу к другому дереву, ‒ говорит\nехидна. ‒ Я очень устала. Ты не могла бы перенести меня на своей спине?»	„Ich hab gesehen, wie du den Koala zu einem anderen Baum gebracht hast“,\nsagt der Ameisenigel. „Ich bin müde. Darf ich auch auf deinen Rücken?“	« J'ai vu que tu as apporté le koala à un autre arbre,\ndit l'échidné. Je suis fatiguée. Peux-tu me porter sur ton dos ? »	«Ho visto che hai portato il koala a un altro albero», dice l’echidna.\n«Sono stanca. Potresti dare un passaggio anche a me?»	“Eu vi que você levou o coala para uma outra árvore”, diz a equidna.\n“Eu estou tão cansada. Você poderia me dar uma carona nas suas costas?”	“Vi que llevaste al koala a otro árbol”, le dice el equidna.\n“Estoy cansado. Por favor, ¿me puedes llevar en tu espalda?”	「あなた⁠が、​コアラ⁠を​他⁠の​木⁠に​運ん⁠で​あげる​ところ​見⁠た⁠わ」​ハリ​モグラ\nは​言い⁠まし⁠た。​「私、​つかれ⁠た⁠の、​私⁠も​お願い​し⁠て⁠も​いい⁠かしら⁠？」	“Aku melihat kamu membawa koala ke pohon lain,” ujar si landak semut.\n“Aku lelah. Maukah kamu menggendongku?”	“Saya nampak kamu membawa koala ke pohon yang satu lagi,” kata ekidna itu.\n“Saya penat. Bolehkah kamu tumpangkan saya di atas belakang kamu?”	قال قنفذُ النَّملِ: ”رأيتُ أنَّكِ أحضرتِ الكوالا إلى شجرةٍ أخرى، أنا متعبٌ.\nهل يمكنكِ أن تحمليني على ظهرك من فضلك؟“
girl.page.24	{NAME:P2} not sure.\nShe doesn’t like the echidna’s spikes.	{NAME:P1} сомневается. Ей не нравятся ехиднины колючки.	{NAME:P1} ist sich unsicher.\nIhm gefallen die Stacheln des Ameisenigels nicht.	{NAME:P1} n'est pas bien sûre.\nElle n'aime pas trop les piquants de l'échidné.	{NAME:P1} è incerta. Non le piacciono quegli aculei.	{NAME:P1} não tem certeza. Ela não gosta dos espinhos da equidna.	{NAME:P1} no sabe qué hacer.\nNo le gustan las púas del equidna.	{NAME:P1}​は​困り⁠まし⁠た。\n​ハリ​モグラ⁠の​ハリ⁠が​こわい​の⁠です。	{NAME:P1} tidak yakin. Dia tidak menyukai duri-duri si landak semut.	{NAME:P1} berasa tidak pasti.\nDia tidak suka dengan bulu ekidna yang seperti pepaku itu.	تردّدت {NAME:P1} في الموافقة لأنّها خافت من أشواك قنفذ النّمل.
girl.page.25	“They won’t hurt you,” the echidna says.	«Не бойся, они тебе не повредят», ‒ говорит ехидна.	„Die tun dir nicht weh“, sagt der Ameisenigel.	« Je ne te ferai pas mal, » dit l'échidné.	«Non ti farò del male!», dice l’echidna.	“Eles não vão machucar você”, a equidna diz.	“No te harán daño”, dice el equidna.	「大丈夫⁠よ、​あなた⁠の​こと​キズ​つけ⁠ない⁠わ」\n​ハリ​モグラ⁠は​言い⁠まし⁠た。	“Duri-duri ini tidak menyakitkan,” ujar si landak semut.	“Bulu saya tidak akan mencederakan kamu,” kata ekidna.	قال قنفذ النّمل: ”لا تقلقي، لن تؤذيكِ أشواكي“.
girl.page.26	The echidna hops on the wombat’s back.\nShe doesn’t use her spikes, so she doesn’t hurt her at all!	Ехидна запрыгивает девочке на спину.\nОна не использует свои колючки и не причиняет ей вреда.	Der Ameisenigel hüpft auf den Rücken des Wombats.\nSie stellt die Stacheln nicht auf und tut ihm überhaupt nicht weh!	L'échidné monte sur le dos du wombat. Elle n'utilise pas\nses pics et ne fait pas du tout mal à {NAME:P1} !	L’echidna salta sulla schiena della wombat.\nNon usa i suoi aculei, e perciò non le fa niente!	A equidna sobe nas costas da vombate. Ela não usa seus espinhos,\nentão ela não machuca de jeito nenhum!	El equidna se trepa a la espalda de la uómbat.\nNo usa sus púas, ¡por lo que no le hace ningún daño!	ハリ​モグラ⁠は​ウォン​バット⁠の​背中⁠に​飛び乗り⁠まし⁠た。\nハリ⁠を​立た⁠せ⁠て​い⁠ない⁠ので、​{NAME:P1}​は​全く⁠痛く​あり⁠ませ⁠ん⁠！	Landak semut melompat ke punggung wombat. Dia tidak menggunakan\nduri-durinya, jadi si wombat tidak kesakitan sama sekali.	Ekidna pun melompat ke atas belakang wombat. Dia tidak menggunakan\nbulunya yang seperti pepaku, jadi dia tidak menyakiti wombat sama sekali!	قفزَ قنفذ النّملِ على ظهر الومبت،\nولم تنتصب أشواكه، لذا لم تشعر الومبت بأيّ ألم!
girl.page.27	When they reach the bush, she thanks {NAME:P1}.	Когда они добираются до леса, куда хотела\nпопасть ехидна, она благодарит {NAME:P4}.	Als sie den Busch erreichen, bedankt sie sich bei {NAME:P1}.	Quand elles atteignent un buisson, elle remercie {NAME:P1}.	Quando arrivano alla foresta, l’echidna ringrazia {NAME:P1}.	Quando elas chegam perto de alguns arbustos,\nela agradece à {NAME:P1}.	Cuando llegan al arbusto le da las gracias a {NAME:P1}.	{NAME:P1}​たち⁠が​草むら⁠に​つく⁠と、\nハリ​モグラ⁠は​{NAME:P1}​に​お礼⁠を​言い⁠まし⁠た。	Ketika mereka sudah sampai di semak-semak,\nlandak semut berterima kasih pada {NAME:P1}.	Apabila mereka tiba di semak,\nekidna mengucapkan terima kasih kepada {NAME:P1}.	وحين وصلا إلى الأدغال، شكرَ قنفذ النّمل {NAME:P1}.
girl.page.28	“Animals who look a bit different\ncan be very sweet, too,” the echidna says.	«Животные, которые отличаются от других,\nтоже могут быть весьма любезны», ‒ говорит ехидна.	„Tiere, die ein bisschen anders aussehen,\nkönnen auch sehr nett sein“, sagt der Ameisenigel.	« Les animaux qui ont l'air un peu différents\npeuvent être très doux aussi, » dit l'échidné.	«Gli animali che sembrano un po’ diversi possono\nanche essere molto dolci», dice l’echidna.	“Animais com uma aparência um pouco diferente\ntambém podem ser muito bonzinhos e fofos”, diz a equidna.	“Los animales que tienen una apariencia\nun poco distinta también pueden ser amables”, le dice el equidna.	「少し⁠見た目⁠が​変⁠な​動物⁠で⁠も、​意外と⁠みんな​良い​動物⁠な⁠の⁠よ」\nハリ​モグラ⁠は​言い⁠まし⁠た。	“Hewan yang penampilannya agak berbeda juga bisa\nsangat menyenangkan,” kata sang landak semut.	“Haiwan yang kelihatan agak berbeza boleh jadi amat baik juga,” kata ekidna.	وقال: ”الحيوانات التي تبدو مختلفة يمكن أن تكون لطيفة جدًا أيضًا“.
girl.page.29	The wombat agrees and continues her walk.	Девочка соглашается и продолжает свой путь.	Der Wombat stimmt zu und fährt fort mit ihrem Spaziergang.	Le wombat est d'accord et continue sa marche.	La wombat è d’accordo, e continua la sua passeggiata.	A vombate concorda e continua o seu passeio.	La uómbat está de acuerdo y continua su paseo.	ウォン​バット⁠は​うん​うん⁠！\n⁠と​うなずき、​また⁠散歩⁠を​続け⁠ます。	Wombat pun setuju, lalu melanjutkan perjalanannya.	Wombat setuju dan meneruskan perjalanannya.	وافقته {NAME:P1} الرّأي وواصلت سيرها.
girl.page.30	When {NAME:P1} passes a dark cave,\nshe walks a little faster. “How scary,” she thinks.	Проходя мимо тёмной пещеры, {NAME:P1} ускоряет шаг.\n«Страшно-то как», ‒ думает она.	Als {NAME:P1} an einer dunklen Höhle vorbeikommt,\ngeht sie ein bisschen schneller. Wie gruselig, denkt sie.	Lorsqu’{NAME:P1} passe devant une grotte sombre,\nelle marche un peu plus vite. « Comme c'est effrayant, » pense-t-elle.	{NAME:P1} passa davanti a una caverna buia\ne affretta il passo. «Che paura», pensa.	Quando {NAME:P1} passa por uma caverna escura,\nela caminha um pouco mais rápido. “Que medo”, ela pensa.	Cuando {NAME:P1} pasa frente a una cueva oscura\ncamina un poquito más rápido. “Qué miedo”, piensa.	{NAME:P1}​は​暗い​どう⁠くつ⁠の​横⁠を​通る​とき、​少し⁠速く​歩き⁠まし⁠た。\nとっても⁠こわく​感じ⁠た⁠から⁠です。	Tatkala {NAME:P1} melewati gua yang gelap,\ndia berjalan agak cepat. “Menakutkan sekali,” pikirnya.	Apabila {NAME:P1} melintasi sebuah gua, dia berjalan lebih cepat.\n“Alangkah takutnya,” dia berfikir.	مرّت {NAME:P1} بكهفٍ مُظلم، فأسرعت في سيرها،\nوقالت لنفسها: ”يا له من كهفٍ مخيفٍ“.
girl.page.31	She keeps walking. Before long, she sees\na strange animal hanging upside down from a tree.	Но продолжает идти. И тут она видит\nстранное существо, висящее на дереве вверх ногами.	Sie geht weiter. Nach kurzer Zeit sieht sie ein merkwürdiges Tier,\ndas kopfüber von einem Baum hängt.	Elle poursuit son chemin. Peu après, elle voit\nun étrange animal pendu la tête en bas à un arbre.	Continua a camminare, e presto vede\nuno strano animale appeso a un albero a testa in giù.	Ela continua caminhando. Pouco tempo depois, ela vê um estranho animal\npendurado de cabeça para baixo em uma árvore.	Sigue caminando. Poco después ve un animal\ncolgando boca abajo de un árbol.	{NAME:P1}​は​歩き​続け⁠まし⁠た。​まもなく⁠する⁠と、\n変⁠な​動物⁠が​逆さま⁠に​木⁠から​ぶら下がっ⁠て​いる​の⁠を​見つけ⁠まし⁠た。	Dia terus berjalan. Tak lama kemudian,\ndia melihat seekor hewan aneh yang bergantung terbalik di sebuah pohon.	Dia terus berjalan. Tidak lama kemudian, dia melihat haiwan\nyang ganjil bergantung dengan kepala ke bawah pada sebatang pohon.	واصلت {NAME:P1} السّيرَ. وبعد قليلٍ رأت\nحيوانًا غريبًا متعلّقًا بشجرةٍ رأسًا على عقب.
girl.page.32	“You’re not a bird,” the wombat says,\n“but you have wings. Who are you?”	«Ты не птица, но у тебя есть крылья. Кто ты?» ‒ спрашивает вомбат.	„Du bist kein Vogel“, stellt der Wombat fest.\n„Aber du hast Flügel. Wer bist du?“	« Tu n'es pas un oiseau, dit le wombat,\nmais tu as des ailes. Qui es-tu ? »	«Tu non sei un uccello», dice la wombat, «eppure hai le ali. Chi sei?»	“Você não é um pásssaro”, diz a vombate,\n“mas você tem asas. Quem é você?”	“Tú no eres un pájaro”, le dice la uómbat, “pero tienes alas. ¿Quién eres?”	「あなた⁠は​鳥⁠じゃ⁠ない⁠わ⁠ね」​{NAME:P1}​は​言い⁠まし⁠た。\n「でも、​つばさ⁠が​ある。​あなた⁠は​誰⁠な⁠の⁠？」	“Kamu bukan burung,” ujar si wombat, “tapi kamu punya sayap. Siapa kamu?”	“Kamu bukan burung,” kata wombat, “tetapi kamu ada sayap. Siapakah kamu?”	قالت الومبت: ”أنت لست طائرًا، لكن لديك أجنحة. من أنت؟“
girl.page.33	“I’m a bat, and I’m lost. I can’t find my cave,” the animal says.	«Я – летучая мышь. Я потерялась и не могу найти\nдорогу к своей пещере», ‒ отвечает существо.	„Ich bin eine Fledermaus und ich hab mich verirrt“,\nsagt das Tier. „Ich finde meine Höhle nicht.“	« Je suis une chauve-souris et je suis perdu, dit l'animal.\nJe ne retrouve plus ma grotte. »	«Sono un pipistrello, e mi sono perso»,\nrisponde l’animale. «Non trovo la mia caverna».	“Eu sou um morcego e estou perdido”, diz o animal.\n“Não consigo encontrar a minha caverna.”	“Soy un murciélago y estoy perdido”, le contesta el animal.\n“No puedo encontrar mi cueva”.	「僕⁠は​コウモリ⁠さ、​そして⁠僕⁠は​迷子⁠な​ん⁠だ」​その⁠変⁠な​動物⁠は\n言い⁠まし⁠た。​「僕⁠の​どう⁠くつ⁠が​見当たら⁠ない​ん⁠だ」	“Aku kelelawar, dan aku tersesat,” kata si hewan.\n“Aku tidak menemukan guaku.”	“Saya kelawar dan saya tersesat,” kata haiwan itu.\n“Saya tidak menjumpai gua saya.”	أجاب: ”أنا خفّاش، وأنا تائهٌ. لا أستطيعُ العثورَ على كهفي“.
girl.page.34	The wombat remembers the cave she just passed.\n“I can take you there. Hop on my back.”	{NAME:P1} вспоминает о пещере, мимо которой она проходила\nнедавно. «Я могу отнести тебя туда. Запрыгивай ко мне на спину».	Der Wombat erinnert sich an die Höhle, an der sie eben vorbeikam.\n„Ich kann dich dorthin bringen. Hüpf auf meinen Rücken.“	Le wombat se souvient de la grotte qu'elle vient de passer.\n« Je peux t'y emmener. Saute sur mon dos. »	Alla wombat viene in mente la caverna che ha appena visto.\n«Posso portarti io. Salta sulla mia schiena!»	Então a vombate se lembra da caverna por onde acabara de passar.\n“Eu posso levar você até lá! Suba nas minhas costas.”	La uómbat recuerda la cueva por la que acaba de pasar.\n“Te puedo llevar hasta ella. Súbete a mi espalda.”	{NAME:P1}​は、​さっき​ちょうど⁠通り​かかっ⁠た​どう⁠くつ⁠を​思い出し⁠まし⁠た。\n「私、​どう⁠くつ⁠が、​どこ⁠か​わかる⁠わ⁠よ、​背中⁠に​お⁠乗り」	Sang wombat teringat gua yang baru saja dilewatinya.“Aku bisa\nmengantarmu ke sana. Naiklah ke punggungku.”	Wombat itu teringat gua yang baru sahaja dilintasinya.\n“Saya boleh bawa kamu ke sana. Lompatlah ke atas belakang saya.”	تذكّرت الومبت الكهف الذي مرّتْ به قبل قليلٍ، فقالت:\n”يمكنني أن آخذك إلى هناك. اقفزْ على ظهري“.
girl.page.35	With the bat on her back, {NAME:P1} walks up\nto the entrance of the cave, but she’s afraid of the dark.	С летучей мышью на спине девочка-вомбат подходит\nко входу в пещеру. Она боится темноты.	Mit der Fledermaus auf dem Rücken geht {NAME:P1}\nauf den Höhleneingang zu, aber sie hat zu große Angst vor der Dunkelheit.	Avec la chauve-souris sur le dos, {NAME:P1} marche\njusqu'à l'entrée de la grotte, mais elle a peur du noir.	Con il pipistrello sulla schiena, {NAME:P1} cammina\nfino all’ingresso della caverna, ma ha paura del buio.	Com o morcego em suas costas, {NAME:P1} vai\naté a entrada da caverna, mas ela tem medo de escuro.	Con el murciélago en su espalda, {NAME:P1} camina\nhasta la entrada de la cueva, pero le da miedo la oscuridad.	コウモリ⁠を​背中⁠に​乗せ⁠ながら、​{NAME:P1}​は​どう⁠くつ⁠の​入り口⁠まで\n歩き⁠まし⁠た。​しかし、​{NAME:P1}​は​暗い​どう⁠くつ⁠を​こわがり⁠ます。	Dengan menggendong kelelawar, {NAME:P1} berjalan\nmenuju ke mulut gua, tetapi dia takut kegelapan.	Dengan kelawar di atas belakangnya, {NAME:P1} berjalan hingga\nsampai ke pintu masuk gua, tetapi dia takut akan gelap.	حملت {NAME:P1} الخفّاش على ظهرها،\nوسارت إلى مدخل الكهف، لكنّها خافت من السّيرِ في الظّلام.
girl.page.36	“Go inside,” the bat says. “The dark is not that scary.”	«Заходи! ‒ говорит летучая мышь. ‒ Темнота не такая уж и страшная».	„Geh ruhig rein“, sagt die Fledermaus.\n„Die Dunkelheit ist gar nicht so beängstigend.“	« Entre à l'intérieur, dit la chauve-souris. Le noir n'est pas si effrayant. »	«Entra», dice il pipistrello. «Il buio non fa paura».	“Pode entrar”, diz o morcego. “O escuro não é tão assustador assim.”	“Entra”, la invita el murciélago. “La oscuridad no es tan aterradora”.	「中⁠に​入り⁠な⁠よ」​コウモリ⁠は​言い⁠まし⁠た。\n「暗い​の⁠って、​そんなに⁠こわく⁠ない​ん⁠だ⁠よ」	“Masuklah,” kata si kelelawar. “Kegelapan tidak semenakutkan itu.”	“Masuklah,” kata kelawar itu. “Kegelapan tidaklah begitu menakutkan.”	قال الخفّاش: ”ادخلي. الظلامُ ليس مخيفًا“.
girl.page.37	{NAME:P1} goes into the cave. The bat is right; it's not scary\nat all! The cave feels cool, too, unlike the hot weather outside.	Вомбат входит в пещеру. Летучая мышь права – внутри вовсе\nне страшно. В пещере прохладно в отличие от жары снаружи.	{NAME:P1} betritt die Höhle. Die Fledermaus hat recht;\nes ist überhaupt nicht gruselig! Die Höhle ist kühl, nicht so heiß wie draußen.	{NAME:P1} entre dans la grotte. La chauve-souris a raison,\nelle n'a pas peur ! Il fait bien frais dans la grotte. Que c’est agréable !	{NAME:P1} entra nella caverna. Il pipistrello ha ragione: non c’è\nda aver paura! Nella caverna c’è un bel fresco, non fa caldo come fuori.	{NAME:P1} entra na caverna. O morcego tem razão; a caverna não é nada\nassustadora! E ela também é fresquinha, enquanto faz calor lá fora.	{NAME:P1} entra en la cueva. El murciélago tiene razón; ¡no da miedo!\nAdemás la cueva está fresca, a diferencia del calor que hace fuera.	{NAME:P1}​は​中⁠に​入り⁠まし⁠た。​コウモリ⁠の​言う​通り、​全然⁠こわく​あり​ま\nせ​ん⁠！⁠どう⁠くつ⁠の​中⁠は​暑い​外⁠より、​すずしく⁠て​気持ちいい⁠くらい⁠です。	{NAME:P1} masuk ke gua. Kelelawar benar; gua itu tidak menakutkan\nsedikit pun! Di dalam terasa dingin, tidak seperti di luar yang panas.	{NAME:P1} masuk ke dalam gua. Betul kata kelawar; tiada apa-apa\nyang menakutkan! Gua berasa sejuk, tidak panas seperti cuaca di luar.	دخلت {NAME:P1} إلى الكهف. وبدا أنَّ الخفّاشَ مُحِقٌّ.\nفلم يكن الظَّلامُ مخيفًا! كما أنَّ الكهفَ باردٌ، على عكس الطّقس الحارِّ في الخارج.
girl.page.38	{NAME:P1} says goodbye to the bat and leaves the cave.	{NAME:P1} прощается с летучей мышью и покидает пещеру.	{NAME:P1} verabschiedet sich\nvon der Fledermaus und verlässt die Höhle.	{NAME:P1} dit au revoir à la chauve-souris et quitte la grotte.	{NAME:P1} saluta il pipistrello ed esce dalla caverna.	{NAME:P1} se despede do morcego e sai da caverna.	{NAME:P1} se despide del murciélago y se va de la cueva.	{NAME:P1}​は​コウモリ⁠と​別れ⁠て、\n​どう⁠くつ⁠を​出⁠て​行き⁠まし⁠た。	{NAME:P1} pamit ke si kelelawar dan keluar dari gua.	{NAME:P1} mengucapkan selamat tinggal\nkepada kelawar dan meninggalkan gua itu.	ودَّعتْ {NAME:P1} الخفّاش وغادرت الكهف.
girl.page.39	Outside, she meets a young animal.	Снаружи она встречает молодое животное.	Draußen trifft sie ein Jungtier.	Dehors, elle rencontre un jeune animal.	Fuori, incontra un cucciolo.	Do lado de fora, ela encontra um jovem animal.	Ya afuera se encuentra con un joven animal.	外⁠に​出る⁠と、​{NAME:P1}\nは​若い​動物⁠に​出会い⁠まし⁠た。	Di luar, dia bertemu dengan hewan yang berusia muda.	Di luar, dia menemui seekor haiwan yang masih kecil.	في الخارج، صادفت حيوانًا صغيرًا.
girl.page.40	“You look like a dog,” the wombat says. “Who are you?”	«Ты похож на собаку, ‒ говорит девочка-вомбат. ‒ Кто ты?»	„Du siehst aus wie ein Hund“, sagt der Wombat. „Wer bist du?“	« Tu ressembles à un chien, lui dit le wombat. Qui es-tu ? »	«Sembri un cane», dice la wombat. «Chi sei?»	“Você se parece com um cachorro”, a vombate diz. “Quem é você?”	“Pareces un perro”, le dice la uómbat. “¿Quién eres?”	「あなた⁠は、​犬⁠さん⁠みたい⁠に​見える⁠わ⁠ね」​{NAME:P1}​は​言い⁠まし⁠た。\n「あなた⁠は⁠だ⁠あれ⁠？」	“Kamu terlihat mirip anjing,” ujar si wombat. “Kamu siapa?”	“Kamu kelihatan seperti anjing,” kata wombat. “Siapakah kamu?”	قالت الومبت: ”أنت تبدو مثل الكلب، من أنت؟“
girl.page.41	“I’m a dingo,” the animal says. “I’m looking for my parents.”	«Я – динго, ‒ отвечает животное. ‒ Я ищу моих родителей».	„Ich bin ein Dingo“, sagt das Tier. „Ich suche meine Eltern.“	« Je suis un dingo, dit l'animal. Je cherche mes parents. »	«Sono un dingo», risponde l’animale. «Sto cercando i miei genitori».	“Eu sou um dingo”, responde o animal. “Estou procurando pelos meus pais.”	“Soy un dingo”, le responde el animal. “Estoy buscando a mis padres”.	「僕⁠は​ディンゴ⁠という​動物⁠だ⁠よ」​その⁠動物⁠は​答え⁠まし⁠た。\n「お母さん⁠たち⁠を​探し​てる​ん⁠だ」	“Aku seekor dingo,” jawab hewan itu. “Aku sedang mencari orang tuaku.”	“Saya seekor dingo,” kata haiwan itu. “Saya sedang mencari ibu bapa saya.”	فأجاب: ”أنا الدَّنغو. وأنا أبحث عن والديَّ“.
girl.page.42	“I can help you find them,” says {NAME:P1}. “Hop on my back.”	«Давай, я помогу тебе найти их, ‒ говорит\n{NAME:P1}. ‒ Запрыгивай ко мне на спину».	„Ich kann dir helfen, sie zu finden“,\nsagt {NAME:P1}. „Hüpf auf meinen Rücken.“	« Je peux t’aider à les trouver,\ndit {NAME:P1}. Monte sur mon dos. »	«Posso aiutarti a trovarli», dice {NAME:P1}. «Salimi sulla schiena».	“Eu posso ajudar você a encontrá-los”,\ndiz {NAME:P1}. “Suba nas minhas costas.”	“Yo te puedo ayudar a buscarlos”,\nle dice {NAME:P1}. “Súbete a mi espalda”.	「手伝っ⁠て​あげる」​{NAME:P1}\nは​言い⁠まし⁠た。​「背中⁠に​お⁠乗り」	“Aku bisa membantumu menemukan mereka,”\nkata {NAME:P1}. “Naiklah ke punggungku.”	“Saya boleh membantu kamu mencari mereka,” kata {NAME:P1}.\n“Lompatlah ke atas belakang saya.”	قالت {NAME:P1}: ”يمكنني مساعدتك في العثور عليهما. اقفزْ على ظهري“.
girl.page.43	After a while, they find the young dingo’s mom and dad.	Спустя какое-то время они обнаруживают маму и папу динго.	Nach einer Weile findet sie die Mutter\nund den Vater des jungen Dingos.	Au bout d'un moment, ils trouvent la mère et le père du jeune dingo.	Dopo un po’, trovano la mamma e il papà del piccolo dingo.	Depois de um tempo, eles encontram a mãe e o pai do jovem dingo.	Luego de un rato encuentran al padre y a la madre del joven dingo.	しばらく⁠する⁠と、​{NAME:P1}​たち⁠は、​若い​ディンゴ⁠の\nお父さん⁠と​お母さん⁠を​見つけ⁠まし⁠た。	Tak seberapa lama, mereka menemukan ayah dan ibu si dingo muda itu.	Selepas seketika, mereka menemui ibu bapa dingo yang masih kecil itu.	بعد قليلٍ، وجدا والديّ الدَّنغو الصغير،
girl.page.44	The family is now united again!	Семья теперь в сборе!	Die Familie ist jetzt wieder vereint!	La famille est à nouveau réunie !	La famiglia è di nuovo insieme!	Agora a família está novamente reunida!	¡La familia vuelve a reunirse!	やっと⁠家族⁠が​そろい⁠まし⁠た⁠！	Sekarang keluarga itu sudah bersatu kembali!	Keluarga itu kini bersatu semula!	والتمَّ شملُ العائلة مجددًا!
girl.page.45	“Family’s the most important thing in the world,” the dingo says.	«Семья – это самое главное!» ‒ говорит динго.	„Familie ist das Wichtigste im Leben“, sagt der Dingo.	« La famille est la chose la plus importante au monde, » dit le dingo.	«La famiglia è la cosa più importante del mondo», dice il dingo.	“A família é a coisa mais importante do mundo”, diz o dingo.	“La familia es lo más importante del mundo”, dice el dingo.	「家族⁠が​この世⁠で​一番​大切⁠な​モノ⁠さ」\n​若い​ディンゴ⁠は​言い⁠まし⁠た。	“Keluarga adalah hal terpenting di dunia,” kata dingo.	“Keluarga ialah perkara terpenting di dunia ini,” kata dingo itu.	قال الدّنغو: ”العائلة هي أهم شيء في العالم“.
girl.page.46	{NAME:P1} thinks of her own parents. “I’ve had a fun walk,\nbut now it’s time to go home to my own family. Goodbye, dingo.”	{NAME:P1} вспоминает о своих родителях. «Я замечательно\nпрогулялась, но теперь мне пора домой, к моей семье. Прощай, динго!»	{NAME:P1} denkt an ihre Eltern. „Ich hatte Spaß heute, aber jetzt\nmuss ich nach Hause zu meiner eigenen Familie. Bis dann, Dingo.“	{NAME:P1} pense à ses propres parents. « J'ai fait une belle\npromenade, mais il est temps de retrouver ma propre famille. Au revoir. »	{NAME:P1} pensa ai suoi genitori. «È stata una bella passeggiata,\nma adesso è ora che torni a casa dalla mia famiglia. Ciao, dingo».	{NAME:P1} lembra dos seus próprios pais. “O passeio foi divertido,\nmas já é hora de voltar para casa e para a minha família. Tchau, dingo!”	{NAME:P1} piensa en sus padres. “He disfrutado un paseo\nmuy divertido, pero es hora de volver a casa con mi familia. Adiós, dingo”.	{NAME:P1}​は​自分⁠の​家族⁠の​こと⁠を​考え⁠まし⁠た。​「とっても⁠楽しい\nお⁠散歩⁠だっ⁠た⁠わ。​でも、​もう⁠帰る​時間⁠ね、​さようなら、​ディンゴ⁠！」	{NAME:P1} teringat orang tuanya sendiri. “Perjalananku cukup seru,\nkini saatnya pulang ke keluargaku sendiri. Selamat tinggal, dingo.”	{NAME:P1} memikirkan ibu bapanya. “Saya seronok bersiar-siar,\ntapi kini masanya untuk pulang bertemu keluarga. Selamat tinggal, dingo.”	فكّرت {NAME:P1} في والديها، وقالت: ”لقد استمتعت بالنزهة،\nلكن حان وقت عودتي إلى المنزل حيث أعيش مع عائلتي. وداعاً أيها الدّنغو“.
girl.page.47	{NAME:P1} arrives home. She tells her parents\nabout all the animals she met today.	{NAME:P1} возвращается домой. Она рассказывает родителям\nобо всех животных, которых повстречала на пути.	{NAME:P1} kommt zu Hause an. Sie erzählt ihren Eltern\nvon all den Tieren, die sie heute getroffen hat.	{NAME:P1} arrive enfin chez elle. Elle raconte à ses parents\ntous les animaux qu'elle a rencontrés aujourd'hui.	{NAME:P1} arriva a casa e parla ai suoi genitori\ndi tutti gli animali che ha incontrato.	{NAME:P1} chega em casa. Ela conta aos seus pais\nsobre todos os animais que encontrou hoje.	{NAME:P1} llega a casa. Les cuenta a sus padres\nsobre todos los animales que ha conocido hoy.	{NAME:P1}​は​家⁠に​着き⁠まし⁠た。​お父さん⁠と​お母さん⁠に、\n散歩⁠中⁠に​会っ⁠た​みんな⁠の​話⁠を​し⁠まし⁠た。	{NAME:P1} pun tiba di rumah. Dia memberi tahu orang\ntuanya tentang semua hewan yang dia temui hari ini.	{NAME:P1} tiba di rumah. Dia memberitahu ibu bapanya\nmengenai semua haiwan yang ditemuinya hari ini.	وصلت {NAME:P1} إلى المنزل، وأخبرت والديها عن جميع الحيوانات التي قابلتها.
girl.page.48	“Why did you give them a ride?” her dad asks.	«Почему ты подвозила их?» ‒ спрашивает её отец.	„Warum hast du sie alle auf deinem\nRücken mitgenommen?“, fragt ihr Papa.	« Pourquoi les as-tu portés ? » lui demande son père.	«Perché hai dato loro un passaggio?», le chiede suo padre.	“Por que você deu uma carona para eles?”, pergunta seu pai.	“¿Por qué los has llevado?” le pregunta su padre.	「なん⁠で​おぶっ⁠て、​送っ⁠て​あげ⁠た​ん​だい⁠？」\n​お父さん⁠は​聞き⁠まし⁠た。	“Mengapa kamu memberi mereka tumpangan?” tanya ayahnya.	“Kenapakah kamu sudi menumpangkan mereka?” ayahnya bertanya.	سألها والدها: ”لماذا أوصلتهم على ظهرك؟“
girl.page.49	“Because you can always learn something\nfrom everyone,” the wombat says.	«Потому что каждый может рассказать\nчто-нибудь интересное», ‒ отвечает вомбат.	„Weil man von jedem etwas anderes lernen kann“, sagt der Wombat.	« Parce qu'on a toujours quelque chose\nà apprendre des autres, » lui répond {NAME:P1}.	«Perché si può sempre imparare qualcosa da tutti», risponde la wombat.	“Porque a gente sempre pode aprender alguma\ncoisa nova com todo mundo”, diz a vombate.	“Porque siempre se puede aprender\nalgo de todo el mundo”, responde la uómbat.	「だって、​みんな⁠から、​何⁠か​いろんな⁠こと⁠を\n学ぶ​こと⁠が​できる⁠の⁠よ⁠！」​{NAME:P1}​は​言い⁠まし⁠た。	“Karena kita selalu bisa mempelajari sesuatu\nyang baru dari semua orang,” ujar si wombat.	“Sebab kita sentiasa dapat belajar sesuatu daripada setiap orang,” kata wombat.	فأجابت الومبت: ”لأنّ بوسع الجميع تعليمي أشياء جديدة“.
girl.page.50	{NAME:P1} falls asleep under her favorite tree.\nShe had a great day. Tomorrow, she wants to go for another walk.	{NAME:P1} засыпает под своим любимым деревом. У неё был\nзамечательный день. А завтра она хочет отправиться в новое путешествие.	{NAME:P1} schläft unter ihrem Lieblingsbaum ein. Sie hatte\neinen tollen Tag. Morgen möchte sie einen weiteren Spaziergang machen.	Elle s'endort sous son arbre préféré. Elle a passé une bonne journée.\nDemain, elle compte aller faire une autre promenade.	{NAME:P1} si addormenta sotto il suo albero preferito.\nÈ stata una giornata fantastica. Domani farà un’altra passeggiata.	{NAME:P1} adormece debaixo de sua árvore favorita.\nEla teve um ótimo dia. Amanhã ela quer dar outro passeio.	{NAME:P1} se queda dormida bajo su árbol favorito.\nHa tenido un día estupendo. Mañana irá a pasear otra vez.	{NAME:P1}​は、​お気に入り⁠の​木の下⁠で​眠り⁠に​つき⁠まし⁠た。​とっても⁠いい​日\nを​過ごし⁠た​{NAME:P1}​は、​明日⁠も​また、​お⁠散歩⁠に​出かける​つもり⁠です。	{NAME:P1} tertidur di bawah pohon kesukaannya.\nHari ini terasa menyenangkan untuknya. Besok, dia ingin berjalan-jalan lagi.	{NAME:P1} tertidur di bawah pohon kegemarannya.\nDia telah melalui hari yang hebat. Esok, dia mahu pergi bersiar-siar lagi.	غفت {NAME:P1} تحت شجرتها المفضلة. لقد كان يومها رائعًا.\nوكانت تريد أن تذهب في نزهة أخرى غدًا.
spotlight.keywords	wombat,вомбат,										
tags.for.filters											